,TF,Target,Label
0,2,1096,1
1,2,1239,1
2,2,143,1
3,2,280,1
4,2,112,1
5,2,364,1
6,2,284,1
7,2,745,1
8,2,1327,1
9,2,684,1
10,2,1008,1
11,2,1244,1
12,2,231,1
13,2,1105,1
14,2,1094,1
15,2,1364,1
16,2,1287,1
17,2,640,1
18,2,323,1
19,2,1266,1
20,2,332,1
21,2,935,1
22,70,146,1
23,70,885,1
24,70,795,1
25,70,137,1
26,70,825,1
27,70,192,1
28,70,123,1
29,70,611,1
30,70,1102,1
31,70,938,1
32,70,497,1
33,70,666,1
34,70,1021,1
35,70,511,1
36,70,829,1
37,70,1141,1
38,70,1397,1
39,70,925,1
40,70,232,1
41,70,986,1
42,70,877,1
43,70,638,1
44,70,1353,1
45,70,1387,1
46,70,389,1
47,70,415,1
48,70,1072,1
49,70,460,1
50,70,759,1
51,70,804,1
52,70,1113,1
53,70,1357,1
54,70,301,1
55,70,75,1
56,70,646,1
57,70,1159,1
58,70,750,1
59,70,746,1
60,70,262,1
61,70,709,1
62,70,85,1
63,70,375,1
64,70,1090,1
65,70,310,1
66,70,271,1
67,70,177,1
68,70,428,1
69,70,24,1
70,70,656,1
71,70,689,1
72,70,38,1
73,70,724,1
74,70,1111,1
75,70,381,1
76,70,211,1
77,70,465,1
78,70,130,1
79,70,284,1
80,70,1056,1
81,70,486,1
82,70,969,1
83,70,549,1
84,70,349,1
85,70,570,1
86,70,89,1
87,70,1384,1
88,70,839,1
89,70,491,1
90,70,961,1
91,70,331,1
92,70,1144,1
93,70,107,1
94,70,218,1
95,70,305,1
96,70,595,1
97,70,102,1
98,70,633,1
99,70,109,1
100,70,1398,1
101,70,1138,1
102,70,288,1
103,70,326,1
104,70,841,1
105,70,668,1
106,70,1402,1
107,70,358,1
108,70,114,1
109,70,184,1
110,70,562,1
111,70,1280,1
112,70,786,1
113,70,1403,1
114,70,409,1
115,70,439,1
116,70,241,1
117,70,913,1
118,70,1023,1
119,70,904,1
120,70,952,1
121,70,1148,1
122,70,767,1
123,70,1298,1
124,70,83,1
125,70,772,1
126,70,522,1
127,70,1340,1
128,70,1194,1
129,70,926,1
130,70,463,1
131,70,823,1
132,70,632,1
133,70,1134,1
134,70,1063,1
135,110,813,1
136,110,1342,1
137,110,797,1
138,110,688,1
139,110,269,1
140,110,1341,1
141,158,1257,1
142,158,1317,1
143,158,634,1
144,158,1068,1
145,158,600,1
146,158,322,1
147,158,1218,1
148,158,527,1
149,201,1123,1
150,201,629,1
151,201,1354,1
152,234,1121,1
153,242,352,1
154,242,1291,1
155,242,206,1
156,242,551,1
157,242,224,1
158,242,574,1
159,242,225,1
160,242,18,1
161,242,234,1
162,254,798,1
163,254,682,1
164,254,441,1
165,254,831,1
166,254,543,1
167,254,787,1
168,254,1339,1
169,254,793,1
170,254,251,1
171,254,1048,1
172,254,805,1
173,254,890,1
174,254,701,1
175,254,705,1
176,254,548,1
177,254,812,1
178,254,813,1
179,254,913,1
180,254,489,1
181,254,1366,1
182,254,358,1
183,254,176,1
184,254,459,1
185,254,596,1
186,254,1243,1
187,254,1277,1
188,254,876,1
189,254,8,1
190,254,171,1
191,254,9,1
192,254,545,1
193,254,1123,1
194,254,12,1
195,254,926,1
196,254,274,1
197,254,920,1
198,254,518,1
199,254,602,1
200,254,362,1
201,254,1194,1
202,254,172,1
203,254,0,1
204,254,572,1
205,254,1266,1
206,254,712,1
207,254,23,1
208,254,183,1
209,254,1008,1
210,254,95,1
211,254,454,1
212,254,436,1
213,292,1058,1
214,292,193,1
215,292,607,1
216,292,56,1
217,292,754,1
218,292,183,1
219,292,442,1
220,292,40,1
221,292,370,1
222,292,1216,1
223,292,862,1
224,292,405,1
225,292,133,1
226,292,197,1
227,292,1007,1
228,292,1174,1
229,292,656,1
230,292,737,1
231,292,12,1
232,292,1372,1
233,292,379,1
234,292,975,1
235,292,539,1
236,292,413,1
237,292,1021,1
238,292,1076,1
239,292,1245,1
240,292,360,1
241,292,186,1
242,292,21,1
243,292,761,1
244,292,501,1
245,292,188,1
246,292,563,1
247,292,562,1
248,292,1229,1
249,292,8,1
250,292,272,1
251,292,204,1
252,292,651,1
253,292,87,1
254,292,743,1
255,292,855,1
256,292,702,1
257,292,1221,1
258,292,268,1
259,292,1178,1
260,292,940,1
261,292,926,1
262,292,269,1
263,292,720,1
264,292,458,1
265,292,1374,1
266,292,367,1
267,292,125,1
268,292,1253,1
269,292,1070,1
270,292,642,1
271,292,650,1
272,292,1123,1
273,292,469,1
274,292,728,1
275,292,610,1
276,292,262,1
277,292,1239,1
278,339,589,1
279,339,1189,1
280,339,876,1
281,339,491,1
282,339,1366,1
283,346,643,1
284,346,192,1
285,346,729,1
286,380,762,1
287,525,698,1
288,525,764,1
289,525,122,1
290,591,485,1
291,591,1080,1
292,591,1076,1
293,591,222,1
294,591,206,1
295,591,905,1
296,591,824,1
297,591,649,1
298,591,229,1
299,591,672,1
300,591,39,1
301,591,853,1
302,591,256,1
303,591,1394,1
304,591,701,1
305,591,823,1
306,591,306,1
307,591,328,1
308,591,673,1
309,591,666,1
310,591,787,1
311,591,937,1
312,591,909,1
313,591,504,1
314,591,716,1
315,591,526,1
316,591,567,1
317,591,131,1
318,591,129,1
319,591,1339,1
320,591,820,1
321,591,833,1
322,591,289,1
323,591,896,1
324,591,1310,1
325,591,1011,1
326,591,1274,1
327,591,489,1
328,591,387,1
329,591,386,1
330,591,548,1
331,591,638,1
332,591,914,1
333,591,545,1
334,591,378,1
335,600,629,1
336,601,929,1
337,601,853,1
338,601,1184,1
339,601,673,1
340,601,1024,1
341,601,1151,1
342,601,999,1
343,601,210,1
344,601,790,1
345,601,391,1
346,601,645,1
347,601,185,1
348,601,313,1
349,643,869,1
350,643,984,1
351,643,681,1
352,643,1278,1
353,643,485,1
354,643,566,1
355,643,703,1
356,643,278,1
357,643,331,1
358,643,69,1
359,643,1007,1
360,643,391,1
361,643,1011,1
362,643,429,1
363,643,875,1
364,643,148,1
365,643,405,1
366,643,1402,1
367,643,1408,1
368,643,613,1
369,643,297,1
370,643,151,1
371,643,1236,1
372,643,272,1
373,643,228,1
374,643,475,1
375,643,1351,1
376,643,155,1
377,643,969,1
378,643,30,1
379,643,862,1
380,643,1342,1
381,643,339,1
382,643,1227,1
383,643,1350,1
384,643,504,1
385,643,1213,1
386,643,678,1
387,643,1037,1
388,643,854,1
389,643,594,1
390,643,897,1
391,643,258,1
392,643,1094,1
393,643,1280,1
394,643,273,1
395,643,790,1
396,643,924,1
397,643,1141,1
398,643,410,1
399,643,328,1
400,643,1355,1
401,643,117,1
402,643,303,1
403,717,1142,1
404,717,193,1
405,717,34,1
406,717,1121,1
407,717,858,1
408,717,829,1
409,717,412,1
410,717,781,1
411,717,504,1
412,717,1245,1
413,717,332,1
414,717,606,1
415,717,811,1
416,717,702,1
417,717,925,1
418,717,960,1
419,717,885,1
420,717,782,1
421,717,998,1
422,717,1274,1
423,717,660,1
424,717,21,1
425,717,1201,1
426,717,1057,1
427,717,374,1
428,717,528,1
429,717,385,1
430,717,798,1
431,717,413,1
432,717,894,1
433,717,1090,1
434,717,292,1
435,717,614,1
436,717,183,1
437,717,853,1
438,717,438,1
439,717,895,1
440,717,1330,1
441,717,80,1
442,717,1301,1
443,717,181,1
444,717,401,1
445,717,812,1
446,727,531,1
447,822,462,1
448,822,142,1
449,822,151,1
450,822,764,1
451,822,786,1
452,822,1173,1
453,890,1383,1
454,890,1121,1
455,890,42,1
456,890,1299,1
457,890,11,1
458,890,670,1
459,890,814,1
460,890,1099,1
461,890,1101,1
462,890,125,1
463,890,417,1
464,955,654,1
465,955,1229,1
466,955,146,1
467,955,1269,1
468,955,1192,1
469,955,973,1
470,955,1091,1
471,955,1270,1
472,955,711,1
473,955,643,1
474,955,291,1
475,973,1182,1
476,973,187,1
477,973,991,1
478,973,755,1
479,973,738,1
480,973,788,1
481,973,131,1
482,973,1065,1
483,973,160,1
484,973,1297,1
485,973,977,1
486,973,1348,1
487,973,1294,1
488,973,652,1
489,973,570,1
490,973,749,1
491,973,1208,1
492,973,634,1
493,973,823,1
494,973,1001,1
495,973,1342,1
496,973,1171,1
497,973,1140,1
498,973,364,1
499,973,1330,1
500,973,612,1
501,973,708,1
502,973,645,1
503,973,1384,1
504,973,527,1
505,973,681,1
506,973,358,1
507,973,520,1
508,973,342,1
509,973,454,1
510,973,539,1
511,973,1212,1
512,973,1192,1
513,973,1408,1
514,973,921,1
515,973,365,1
516,973,69,1
517,973,391,1
518,973,493,1
519,973,785,1
520,973,913,1
521,973,585,1
522,973,711,1
523,973,345,1
524,973,425,1
525,973,46,1
526,973,903,1
527,973,386,1
528,989,596,1
529,989,316,1
530,989,63,1
531,989,141,1
532,989,442,1
533,989,477,1
534,989,805,1
535,989,777,1
536,989,254,1
537,989,206,1
538,989,27,1
539,989,695,1
540,989,885,1
541,989,1245,1
542,989,380,1
543,989,1263,1
544,989,370,1
545,989,1116,1
546,989,410,1
547,989,994,1
548,989,920,1
549,989,1339,1
550,989,649,1
551,989,1094,1
552,989,134,1
553,989,1326,1
554,989,364,1
555,989,524,1
556,989,348,1
557,989,396,1
558,989,291,1
559,989,875,1
560,989,458,1
561,989,1047,1
562,989,957,1
563,989,1056,1
564,989,1237,1
565,989,638,1
566,989,1298,1
567,989,229,1
568,989,1403,1
569,996,586,1
570,996,1301,1
571,996,1257,1
572,996,206,1
573,996,435,1
574,996,1313,1
575,996,1015,1
576,996,105,1
577,996,695,1
578,996,1061,1
579,996,1315,1
580,996,570,1
581,1028,1235,1
582,1028,1129,1
583,1028,633,1
584,1028,849,1
585,1028,1336,1
586,1028,627,1
587,1028,40,1
588,1028,1400,1
589,1028,751,1
590,1028,594,1
591,1028,1134,1
592,1028,1257,1
593,1028,498,1
594,1028,1195,1
595,1028,417,1
596,1028,1131,1
597,1028,1149,1
598,1028,1136,1
599,1028,523,1
600,1028,1030,1
601,1028,489,1
602,1028,761,1
603,1028,1285,1
604,1028,1371,1
605,1028,569,1
606,1028,1268,1
607,1028,580,1
608,1028,921,1
609,1028,192,1
610,1028,982,1
611,1028,325,1
612,1028,876,1
613,1028,991,1
614,1028,374,1
615,1028,429,1
616,1028,116,1
617,1028,463,1
618,1028,887,1
619,1028,1179,1
620,1102,459,1
621,1102,890,1
622,1102,458,1
623,1102,88,1
624,1329,669,1
625,1329,1168,1
626,1329,1005,1
627,1329,598,1
628,1329,495,1
629,1329,1067,1
630,1329,248,1
631,1329,268,1
632,1329,522,1
633,1329,11,1
634,1329,1121,1
635,1329,1392,1
636,1329,321,1
637,1329,1102,1
638,1329,1112,1
639,1344,966,1
640,1344,265,1
641,1344,1123,1
642,1344,622,1
643,1344,234,1
644,1344,67,1
645,1344,782,1
646,1364,1182,1
647,1371,388,1
648,1371,943,1
649,1371,1289,1
650,1371,1085,1
651,1371,115,1
652,1371,719,1
653,1371,1230,1
654,1371,1357,1
655,1371,194,1
656,1371,77,1
657,1371,234,1
658,1371,584,1
659,1371,82,1
660,1371,813,1
661,1371,311,1
662,1371,1064,1
663,1371,795,1
664,1371,360,1
665,1371,1298,1
666,1371,793,1
667,1371,1266,1
668,1371,791,1
669,1371,1308,1
670,1371,407,1
671,1371,1346,1
672,1371,781,1
673,1371,649,1
674,1371,410,1
675,1371,1215,1
676,1371,581,1
677,1371,306,1
678,1371,933,1
679,1371,161,1
680,1371,1154,1
681,1371,1319,1
682,1371,1236,1
683,1371,275,1
684,1371,317,1
685,1371,1327,1
686,1371,750,1
687,1371,1050,1
688,1371,755,1
689,1371,206,1
690,1371,471,1
691,1371,210,1
692,1371,760,1
693,1371,131,1
694,2,1391,0
695,2,838,0
696,2,225,0
697,2,699,0
698,2,793,0
699,2,1022,0
700,2,1283,0
701,2,1222,0
702,2,1343,0
703,2,285,0
704,2,1371,0
705,2,300,0
706,2,214,0
707,2,409,0
708,2,340,0
709,2,1020,0
710,2,229,0
711,2,1263,0
712,2,949,0
713,2,717,0
714,2,248,0
715,2,456,0
716,2,1039,0
717,2,132,0
718,2,1169,0
719,2,1280,0
720,2,1386,0
721,2,1375,0
722,2,562,0
723,2,421,0
724,2,880,0
725,2,815,0
726,2,305,0
727,2,1032,0
728,2,1221,0
729,2,271,0
730,2,980,0
731,2,1203,0
732,2,221,0
733,2,29,0
734,2,425,0
735,2,56,0
736,2,315,0
737,2,128,0
738,2,1149,0
739,2,1382,0
740,2,933,0
741,2,869,0
742,2,769,0
743,2,1152,0
744,2,726,0
745,2,1108,0
746,2,85,0
747,2,530,0
748,2,77,0
749,2,1197,0
750,2,849,0
751,2,1146,0
752,2,480,0
753,2,1091,0
754,2,188,0
755,2,434,0
756,2,704,0
757,2,138,0
758,2,558,0
759,2,1025,0
760,2,798,0
761,2,1201,0
762,2,881,0
763,2,89,0
764,2,447,0
765,2,1368,0
766,2,294,0
767,2,534,0
768,2,321,0
769,2,130,0
770,2,715,0
771,2,330,0
772,2,941,0
773,2,1093,0
774,2,705,0
775,2,189,0
776,2,1265,0
777,2,501,0
778,2,864,0
779,2,490,0
780,2,61,0
781,2,304,0
782,2,1116,0
783,2,593,0
784,2,1083,0
785,2,1040,0
786,2,848,0
787,2,541,0
788,2,68,0
789,2,760,0
790,2,806,0
791,2,177,0
792,2,1357,0
793,2,575,0
794,2,1143,0
795,2,1219,0
796,2,272,0
797,2,572,0
798,2,1168,0
799,2,737,0
800,2,1290,0
801,2,1399,0
802,2,1027,0
803,2,628,0
804,2,118,0
805,2,1066,0
806,2,550,0
807,2,216,0
808,2,1177,0
809,2,403,0
810,2,1370,0
811,2,995,0
812,70,657,0
813,70,1271,0
814,70,509,0
815,70,1204,0
816,70,359,0
817,70,298,0
818,70,1170,0
819,70,973,0
820,70,498,0
821,70,1395,0
822,70,1207,0
823,70,726,0
824,70,1399,0
825,70,250,0
826,70,866,0
827,70,987,0
828,70,98,0
829,70,1210,0
830,70,258,0
831,70,731,0
832,70,1378,0
833,70,547,0
834,70,1388,0
835,70,1089,0
836,70,609,0
837,70,93,0
838,70,104,0
839,110,1178,0
840,110,1063,0
841,110,1221,0
842,110,567,0
843,110,1277,0
844,110,1005,0
845,110,799,0
846,110,212,0
847,110,44,0
848,110,1062,0
849,110,187,0
850,110,1159,0
851,110,601,0
852,110,1406,0
853,110,901,0
854,110,1149,0
855,110,141,0
856,110,1194,0
857,110,173,0
858,110,746,0
859,110,885,0
860,110,1089,0
861,110,1332,0
862,110,568,0
863,110,656,0
864,110,683,0
865,110,1331,0
866,110,1105,0
867,110,235,0
868,110,535,0
869,110,1329,0
870,110,1067,0
871,110,349,0
872,110,221,0
873,110,405,0
874,110,537,0
875,110,1026,0
876,110,1094,0
877,110,422,0
878,110,673,0
879,110,710,0
880,110,510,0
881,110,967,0
882,110,634,0
883,110,1337,0
884,110,972,0
885,110,193,0
886,110,694,0
887,110,294,0
888,110,266,0
889,110,370,0
890,110,546,0
891,110,506,0
892,110,1048,0
893,110,657,0
894,110,389,0
895,110,958,0
896,110,740,0
897,110,751,0
898,110,390,0
899,110,960,0
900,110,1316,0
901,110,954,0
902,110,760,0
903,110,883,0
904,110,1287,0
905,110,248,0
906,110,51,0
907,110,1147,0
908,110,947,0
909,110,312,0
910,110,908,0
911,110,414,0
912,110,1298,0
913,110,1130,0
914,110,292,0
915,110,512,0
916,110,807,0
917,110,289,0
918,110,320,0
919,110,420,0
920,110,1402,0
921,110,58,0
922,110,981,0
923,110,362,0
924,110,41,0
925,110,438,0
926,110,1373,0
927,110,460,0
928,110,214,0
929,110,886,0
930,110,640,0
931,110,1127,0
932,110,1195,0
933,110,1163,0
934,110,1102,0
935,110,219,0
936,110,347,0
937,110,161,0
938,110,1032,0
939,110,1265,0
940,110,995,0
941,110,907,0
942,110,1301,0
943,110,1124,0
944,110,855,0
945,110,538,0
946,110,295,0
947,110,1324,0
948,110,113,0
949,110,442,0
950,110,909,0
951,110,1366,0
952,110,358,0
953,110,392,0
954,110,395,0
955,110,433,0
956,110,446,0
957,110,700,0
958,110,1150,0
959,110,145,0
960,110,1359,0
961,110,841,0
962,110,786,0
963,110,902,0
964,110,421,0
965,110,561,0
966,110,1045,0
967,110,37,0
968,110,1157,0
969,110,0,0
970,110,278,0
971,110,103,0
972,110,360,0
973,158,623,0
974,158,919,0
975,158,446,0
976,158,854,0
977,158,509,0
978,158,952,0
979,158,171,0
980,158,1001,0
981,158,241,0
982,158,252,0
983,158,633,0
984,158,918,0
985,158,1289,0
986,158,627,0
987,158,891,0
988,158,750,0
989,158,1203,0
990,158,578,0
991,158,534,0
992,158,1044,0
993,158,1125,0
994,158,1011,0
995,158,1387,0
996,158,371,0
997,158,969,0
998,158,552,0
999,158,108,0
1000,158,838,0
1001,158,64,0
1002,158,1132,0
1003,158,734,0
1004,158,1173,0
1005,158,1281,0
1006,158,551,0
1007,158,1128,0
1008,158,866,0
1009,158,1157,0
1010,158,682,0
1011,158,1324,0
1012,158,236,0
1013,158,1307,0
1014,158,356,0
1015,158,30,0
1016,158,303,0
1017,158,1031,0
1018,158,216,0
1019,158,1170,0
1020,158,76,0
1021,158,1271,0
1022,158,321,0
1023,158,1306,0
1024,158,432,0
1025,158,693,0
1026,158,471,0
1027,158,701,0
1028,158,1156,0
1029,158,1030,0
1030,158,704,0
1031,158,804,0
1032,158,55,0
1033,158,1240,0
1034,158,964,0
1035,158,88,0
1036,158,289,0
1037,158,602,0
1038,158,794,0
1039,158,476,0
1040,158,739,0
1041,158,1304,0
1042,158,621,0
1043,158,501,0
1044,158,1016,0
1045,158,961,0
1046,158,556,0
1047,158,986,0
1048,158,435,0
1049,158,885,0
1050,158,27,0
1051,158,99,0
1052,158,1126,0
1053,158,892,0
1054,158,571,0
1055,158,207,0
1056,158,981,0
1057,158,409,0
1058,158,1063,0
1059,158,1358,0
1060,158,1020,0
1061,158,1226,0
1062,158,1015,0
1063,158,404,0
1064,158,19,0
1065,158,749,0
1066,158,479,0
1067,158,565,0
1068,158,53,0
1069,158,676,0
1070,158,839,0
1071,158,466,0
1072,158,45,0
1073,158,978,0
1074,158,1038,0
1075,158,849,0
1076,158,483,0
1077,158,51,0
1078,158,1341,0
1079,158,355,0
1080,158,792,0
1081,158,1069,0
1082,158,687,0
1083,158,41,0
1084,158,991,0
1085,158,332,0
1086,158,283,0
1087,158,1003,0
1088,158,1078,0
1089,158,352,0
1090,158,613,0
1091,158,1256,0
1092,158,1054,0
1093,158,971,0
1094,158,71,0
1095,158,35,0
1096,158,191,0
1097,158,1138,0
1098,158,1129,0
1099,158,949,0
1100,158,353,0
1101,158,835,0
1102,158,1085,0
1103,158,154,0
1104,158,1229,0
1105,201,1305,0
1106,201,187,0
1107,201,293,0
1108,201,169,0
1109,201,451,0
1110,201,276,0
1111,201,871,0
1112,201,708,0
1113,201,733,0
1114,201,42,0
1115,201,196,0
1116,201,536,0
1117,201,1170,0
1118,201,1028,0
1119,201,408,0
1120,201,1317,0
1121,201,802,0
1122,201,251,0
1123,201,834,0
1124,201,234,0
1125,201,244,0
1126,201,1192,0
1127,201,346,0
1128,201,210,0
1129,201,570,0
1130,201,45,0
1131,201,794,0
1132,201,1364,0
1133,201,1140,0
1134,201,1343,0
1135,201,219,0
1136,201,740,0
1137,201,573,0
1138,201,74,0
1139,201,114,0
1140,201,1197,0
1141,201,518,0
1142,201,494,0
1143,201,1099,0
1144,201,713,0
1145,201,395,0
1146,201,1154,0
1147,201,641,0
1148,201,76,0
1149,201,1063,0
1150,201,896,0
1151,201,805,0
1152,201,1295,0
1153,201,399,0
1154,201,452,0
1155,201,193,0
1156,201,657,0
1157,201,1307,0
1158,201,907,0
1159,201,223,0
1160,201,69,0
1161,201,1346,0
1162,201,972,0
1163,201,1066,0
1164,201,582,0
1165,201,313,0
1166,201,777,0
1167,201,973,0
1168,201,462,0
1169,201,549,0
1170,201,342,0
1171,201,781,0
1172,201,795,0
1173,201,736,0
1174,201,1359,0
1175,201,1404,0
1176,201,1148,0
1177,201,1132,0
1178,201,31,0
1179,201,126,0
1180,201,637,0
1181,201,1255,0
1182,201,227,0
1183,201,999,0
1184,201,925,0
1185,201,48,0
1186,201,360,0
1187,201,1345,0
1188,201,1378,0
1189,201,493,0
1190,201,1143,0
1191,201,116,0
1192,201,882,0
1193,201,632,0
1194,201,674,0
1195,201,876,0
1196,201,284,0
1197,201,796,0
1198,201,639,0
1199,201,1141,0
1200,201,633,0
1201,201,103,0
1202,201,540,0
1203,201,1164,0
1204,201,339,0
1205,201,118,0
1206,201,324,0
1207,201,340,0
1208,201,16,0
1209,201,272,0
1210,201,885,0
1211,201,725,0
1212,201,754,0
1213,201,1217,0
1214,201,787,0
1215,201,550,0
1216,201,650,0
1217,201,847,0
1218,201,178,0
1219,201,941,0
1220,201,1037,0
1221,201,334,0
1222,201,737,0
1223,201,149,0
1224,201,257,0
1225,201,1408,0
1226,201,564,0
1227,201,102,0
1228,201,442,0
1229,201,1003,0
1230,201,920,0
1231,201,878,0
1232,201,62,0
1233,201,84,0
1234,201,1118,0
1235,201,927,0
1236,201,1252,0
1237,201,1142,0
1238,201,1350,0
1239,201,512,0
1240,201,476,0
1241,201,332,0
1242,234,568,0
1243,234,229,0
1244,234,625,0
1245,234,494,0
1246,234,333,0
1247,234,39,0
1248,234,168,0
1249,234,1231,0
1250,234,880,0
1251,234,40,0
1252,234,727,0
1253,234,542,0
1254,234,1184,0
1255,234,983,0
1256,234,1260,0
1257,234,915,0
1258,234,84,0
1259,234,465,0
1260,234,1154,0
1261,234,1221,0
1262,234,1202,0
1263,234,1389,0
1264,234,677,0
1265,234,159,0
1266,234,816,0
1267,234,1123,0
1268,234,782,0
1269,234,273,0
1270,234,496,0
1271,234,1254,0
1272,234,108,0
1273,234,1253,0
1274,234,528,0
1275,234,679,0
1276,234,1046,0
1277,234,1293,0
1278,234,686,0
1279,234,1227,0
1280,234,775,0
1281,234,111,0
1282,234,1328,0
1283,234,894,0
1284,234,632,0
1285,234,177,0
1286,234,287,0
1287,234,346,0
1288,234,871,0
1289,234,1321,0
1290,234,1011,0
1291,234,668,0
1292,234,667,0
1293,234,117,0
1294,234,707,0
1295,234,1382,0
1296,234,157,0
1297,234,1056,0
1298,234,1049,0
1299,234,659,0
1300,234,658,0
1301,234,952,0
1302,234,23,0
1303,234,1,0
1304,234,1266,0
1305,234,402,0
1306,234,1021,0
1307,234,735,0
1308,234,82,0
1309,234,169,0
1310,234,852,0
1311,234,210,0
1312,234,17,0
1313,234,1110,0
1314,234,415,0
1315,234,367,0
1316,234,385,0
1317,234,774,0
1318,234,1114,0
1319,234,1159,0
1320,234,884,0
1321,234,264,0
1322,234,760,0
1323,234,740,0
1324,234,1029,0
1325,234,1246,0
1326,234,190,0
1327,234,955,0
1328,234,195,0
1329,234,617,0
1330,234,1294,0
1331,234,850,0
1332,234,211,0
1333,234,962,0
1334,234,720,0
1335,234,170,0
1336,234,1052,0
1337,234,826,0
1338,234,371,0
1339,234,413,0
1340,234,929,0
1341,234,1168,0
1342,234,1008,0
1343,234,623,0
1344,234,1039,0
1345,234,138,0
1346,234,455,0
1347,234,1122,0
1348,234,180,0
1349,234,263,0
1350,234,461,0
1351,234,349,0
1352,234,14,0
1353,234,1220,0
1354,234,464,0
1355,234,1034,0
1356,234,904,0
1357,234,1345,0
1358,234,847,0
1359,234,1297,0
1360,234,136,0
1361,234,300,0
1362,234,842,0
1363,234,1378,0
1364,234,1025,0
1365,234,907,0
1366,234,535,0
1367,234,122,0
1368,234,549,0
1369,234,172,0
1370,234,401,0
1371,234,649,0
1372,234,1014,0
1373,234,799,0
1374,234,643,0
1375,234,853,0
1376,234,551,0
1377,234,536,0
1378,234,942,0
1379,234,971,0
1380,234,599,0
1381,234,318,0
1382,242,1356,0
1383,242,391,0
1384,242,766,0
1385,242,1404,0
1386,242,528,0
1387,242,244,0
1388,242,384,0
1389,242,975,0
1390,242,704,0
1391,242,41,0
1392,242,1147,0
1393,242,1027,0
1394,242,267,0
1395,242,95,0
1396,242,204,0
1397,242,1103,0
1398,242,347,0
1399,242,1400,0
1400,242,182,0
1401,242,1188,0
1402,242,780,0
1403,242,88,0
1404,242,1154,0
1405,242,397,0
1406,242,76,0
1407,242,985,0
1408,242,707,0
1409,242,499,0
1410,242,269,0
1411,242,963,0
1412,242,367,0
1413,242,813,0
1414,242,1105,0
1415,242,732,0
1416,242,1309,0
1417,242,52,0
1418,242,677,0
1419,242,1047,0
1420,242,1113,0
1421,242,1120,0
1422,242,58,0
1423,242,1287,0
1424,242,354,0
1425,242,450,0
1426,242,233,0
1427,242,661,0
1428,242,1196,0
1429,242,1114,0
1430,242,794,0
1431,242,416,0
1432,242,209,0
1433,242,1327,0
1434,242,560,0
1435,242,712,0
1436,242,1133,0
1437,242,492,0
1438,242,678,0
1439,242,1299,0
1440,242,852,0
1441,242,155,0
1442,242,296,0
1443,242,1377,0
1444,242,1353,0
1445,242,1246,0
1446,242,4,0
1447,242,113,0
1448,242,362,0
1449,242,945,0
1450,242,151,0
1451,242,962,0
1452,242,236,0
1453,242,910,0
1454,242,448,0
1455,242,760,0
1456,242,1298,0
1457,242,1083,0
1458,242,1158,0
1459,242,1367,0
1460,242,856,0
1461,242,172,0
1462,242,1277,0
1463,242,228,0
1464,242,1184,0
1465,242,1207,0
1466,242,1297,0
1467,242,486,0
1468,242,218,0
1469,242,865,0
1470,242,335,0
1471,242,171,0
1472,242,214,0
1473,242,902,0
1474,242,152,0
1475,242,837,0
1476,242,1068,0
1477,242,409,0
1478,242,426,0
1479,242,1140,0
1480,242,505,0
1481,242,628,0
1482,242,747,0
1483,242,1362,0
1484,242,1274,0
1485,242,904,0
1486,242,1137,0
1487,242,1204,0
1488,242,50,0
1489,242,139,0
1490,242,425,0
1491,242,795,0
1492,242,433,0
1493,242,56,0
1494,242,830,0
1495,242,831,0
1496,242,619,0
1497,242,706,0
1498,242,281,0
1499,242,949,0
1500,242,332,0
1501,242,1373,0
1502,242,1269,0
1503,242,1223,0
1504,242,101,0
1505,242,166,0
1506,242,418,0
1507,242,1197,0
1508,242,872,0
1509,242,491,0
1510,242,699,0
1511,242,86,0
1512,242,1076,0
1513,254,1242,0
1514,254,600,0
1515,254,13,0
1516,254,1333,0
1517,254,589,0
1518,254,228,0
1519,254,679,0
1520,254,936,0
1521,254,253,0
1522,254,1233,0
1523,254,160,0
1524,254,442,0
1525,254,1034,0
1526,254,277,0
1527,254,53,0
1528,254,1024,0
1529,254,696,0
1530,254,816,0
1531,254,98,0
1532,254,150,0
1533,254,1370,0
1534,254,972,0
1535,254,675,0
1536,254,460,0
1537,254,751,0
1538,254,677,0
1539,254,347,0
1540,254,1238,0
1541,254,983,0
1542,254,971,0
1543,254,1096,0
1544,254,269,0
1545,254,540,0
1546,254,834,0
1547,254,567,0
1548,254,1196,0
1549,254,1318,0
1550,254,534,0
1551,254,445,0
1552,254,1245,0
1553,254,423,0
1554,254,245,0
1555,254,124,0
1556,254,799,0
1557,254,761,0
1558,254,1025,0
1559,254,830,0
1560,254,273,0
1561,254,1273,0
1562,254,45,0
1563,254,1388,0
1564,254,992,0
1565,254,1135,0
1566,254,591,0
1567,254,1004,0
1568,254,601,0
1569,254,1369,0
1570,254,951,0
1571,254,949,0
1572,254,145,0
1573,254,89,0
1574,254,564,0
1575,254,1325,0
1576,254,910,0
1577,254,867,0
1578,254,889,0
1579,254,1079,0
1580,254,186,0
1581,254,789,0
1582,254,955,0
1583,254,959,0
1584,254,100,0
1585,254,215,0
1586,254,674,0
1587,254,662,0
1588,254,716,0
1589,254,490,0
1590,254,90,0
1591,254,199,0
1592,254,383,0
1593,254,468,0
1594,254,1060,0
1595,254,477,0
1596,254,1371,0
1597,254,1321,0
1598,254,240,0
1599,254,1223,0
1600,254,1161,0
1601,254,1317,0
1602,292,1170,0
1603,292,976,0
1604,292,451,0
1605,292,329,0
1606,292,908,0
1607,292,611,0
1608,292,1181,0
1609,292,288,0
1610,292,836,0
1611,292,1269,0
1612,292,1332,0
1613,292,227,0
1614,292,185,0
1615,292,1240,0
1616,292,716,0
1617,292,934,0
1618,292,708,0
1619,292,167,0
1620,292,747,0
1621,292,1120,0
1622,292,290,0
1623,292,603,0
1624,292,1353,0
1625,292,1095,0
1626,292,1405,0
1627,292,428,0
1628,292,682,0
1629,292,42,0
1630,292,867,0
1631,292,646,0
1632,292,510,0
1633,292,725,0
1634,292,1093,0
1635,292,729,0
1636,292,1258,0
1637,292,138,0
1638,292,1333,0
1639,292,1273,0
1640,292,448,0
1641,292,1322,0
1642,292,1167,0
1643,292,81,0
1644,292,7,0
1645,292,499,0
1646,292,718,0
1647,292,474,0
1648,292,150,0
1649,292,1044,0
1650,292,1091,0
1651,292,783,0
1652,292,374,0
1653,292,1238,0
1654,292,672,0
1655,292,958,0
1656,292,954,0
1657,292,148,0
1658,292,1375,0
1659,292,444,0
1660,292,636,0
1661,292,776,0
1662,292,804,0
1663,292,313,0
1664,292,94,0
1665,292,219,0
1666,292,833,0
1667,292,1388,0
1668,292,533,0
1669,292,633,0
1670,292,972,0
1671,292,1267,0
1672,292,536,0
1673,292,136,0
1674,292,655,0
1675,292,1073,0
1676,292,540,0
1677,339,322,0
1678,339,656,0
1679,339,55,0
1680,339,1270,0
1681,339,466,0
1682,339,33,0
1683,339,840,0
1684,339,847,0
1685,339,727,0
1686,339,1004,0
1687,339,860,0
1688,339,789,0
1689,339,763,0
1690,339,282,0
1691,339,501,0
1692,339,956,0
1693,339,1160,0
1694,339,1177,0
1695,339,1339,0
1696,339,404,0
1697,339,874,0
1698,339,524,0
1699,339,370,0
1700,339,1279,0
1701,339,1159,0
1702,339,66,0
1703,339,907,0
1704,339,87,0
1705,339,579,0
1706,339,115,0
1707,339,406,0
1708,339,596,0
1709,339,667,0
1710,339,397,0
1711,339,470,0
1712,339,683,0
1713,339,1287,0
1714,339,921,0
1715,339,169,0
1716,339,231,0
1717,339,225,0
1718,339,1140,0
1719,339,159,0
1720,339,408,0
1721,339,7,0
1722,339,1318,0
1723,339,1024,0
1724,339,1246,0
1725,339,347,0
1726,339,750,0
1727,339,991,0
1728,339,138,0
1729,339,515,0
1730,339,350,0
1731,339,958,0
1732,339,357,0
1733,339,924,0
1734,339,516,0
1735,339,1331,0
1736,339,1290,0
1737,339,788,0
1738,339,1292,0
1739,339,229,0
1740,339,1273,0
1741,339,1038,0
1742,339,1349,0
1743,339,69,0
1744,339,615,0
1745,339,1323,0
1746,339,237,0
1747,339,1034,0
1748,339,942,0
1749,339,147,0
1750,339,875,0
1751,339,1008,0
1752,339,1325,0
1753,339,1374,0
1754,339,682,0
1755,339,21,0
1756,339,1161,0
1757,339,74,0
1758,339,1225,0
1759,339,1017,0
1760,339,1369,0
1761,339,196,0
1762,339,94,0
1763,339,1186,0
1764,339,1182,0
1765,339,799,0
1766,339,53,0
1767,339,270,0
1768,339,606,0
1769,339,419,0
1770,339,82,0
1771,339,105,0
1772,339,933,0
1773,339,1192,0
1774,339,1332,0
1775,339,469,0
1776,339,1278,0
1777,339,1214,0
1778,339,890,0
1779,339,1150,0
1780,339,485,0
1781,339,1307,0
1782,339,580,0
1783,339,209,0
1784,339,493,0
1785,339,180,0
1786,339,1373,0
1787,339,743,0
1788,339,658,0
1789,339,1329,0
1790,339,961,0
1791,339,1202,0
1792,339,1042,0
1793,339,393,0
1794,339,222,0
1795,339,688,0
1796,339,133,0
1797,339,272,0
1798,339,627,0
1799,339,6,0
1800,339,335,0
1801,339,588,0
1802,339,1126,0
1803,339,1002,0
1804,339,245,0
1805,339,303,0
1806,339,742,0
1807,339,1284,0
1808,339,230,0
1809,339,287,0
1810,339,251,0
1811,339,1099,0
1812,346,1323,0
1813,346,206,0
1814,346,116,0
1815,346,1210,0
1816,346,512,0
1817,346,949,0
1818,346,1040,0
1819,346,611,0
1820,346,990,0
1821,346,45,0
1822,346,88,0
1823,346,283,0
1824,346,1187,0
1825,346,1315,0
1826,346,1053,0
1827,346,1117,0
1828,346,470,0
1829,346,1390,0
1830,346,473,0
1831,346,503,0
1832,346,1093,0
1833,346,711,0
1834,346,1170,0
1835,346,1200,0
1836,346,317,0
1837,346,167,0
1838,346,1274,0
1839,346,1008,0
1840,346,1334,0
1841,346,574,0
1842,346,1340,0
1843,346,1165,0
1844,346,464,0
1845,346,169,0
1846,346,393,0
1847,346,362,0
1848,346,1271,0
1849,346,764,0
1850,346,989,0
1851,346,304,0
1852,346,519,0
1853,346,701,0
1854,346,29,0
1855,346,638,0
1856,346,1345,0
1857,346,422,0
1858,346,1054,0
1859,346,345,0
1860,346,149,0
1861,346,451,0
1862,346,786,0
1863,346,1321,0
1864,346,235,0
1865,346,556,0
1866,346,1266,0
1867,346,184,0
1868,346,418,0
1869,346,852,0
1870,346,1131,0
1871,346,746,0
1872,346,1220,0
1873,346,1203,0
1874,346,1023,0
1875,346,605,0
1876,346,400,0
1877,346,689,0
1878,346,377,0
1879,346,1138,0
1880,346,961,0
1881,346,268,0
1882,346,874,0
1883,346,917,0
1884,346,554,0
1885,346,812,0
1886,346,1215,0
1887,346,912,0
1888,346,904,0
1889,346,256,0
1890,346,1184,0
1891,346,483,0
1892,346,391,0
1893,346,442,0
1894,346,965,0
1895,346,493,0
1896,346,1396,0
1897,346,1,0
1898,346,963,0
1899,346,251,0
1900,346,1061,0
1901,346,940,0
1902,346,1276,0
1903,346,200,0
1904,346,695,0
1905,346,975,0
1906,346,754,0
1907,346,405,0
1908,346,1249,0
1909,346,22,0
1910,346,1284,0
1911,346,353,0
1912,346,761,0
1913,346,1143,0
1914,346,723,0
1915,346,291,0
1916,346,674,0
1917,346,532,0
1918,346,639,0
1919,346,1132,0
1920,346,857,0
1921,346,1016,0
1922,346,274,0
1923,346,46,0
1924,346,94,0
1925,346,371,0
1926,346,1204,0
1927,346,828,0
1928,346,154,0
1929,346,420,0
1930,346,581,0
1931,346,351,0
1932,346,1361,0
1933,346,558,0
1934,346,458,0
1935,346,589,0
1936,346,127,0
1937,346,433,0
1938,346,784,0
1939,346,432,0
1940,346,1004,0
1941,346,216,0
1942,346,463,0
1943,346,663,0
1944,346,1325,0
1945,346,927,0
1946,346,336,0
1947,346,593,0
1948,346,823,0
1949,380,1381,0
1950,380,749,0
1951,380,195,0
1952,380,1351,0
1953,380,209,0
1954,380,778,0
1955,380,1371,0
1956,380,1118,0
1957,380,716,0
1958,380,1104,0
1959,380,1000,0
1960,380,1114,0
1961,380,321,0
1962,380,1187,0
1963,380,981,0
1964,380,855,0
1965,380,55,0
1966,380,665,0
1967,380,840,0
1968,380,574,0
1969,380,477,0
1970,380,374,0
1971,380,1142,0
1972,380,541,0
1973,380,1013,0
1974,380,1006,0
1975,380,852,0
1976,380,606,0
1977,380,285,0
1978,380,338,0
1979,380,959,0
1980,380,1117,0
1981,380,1150,0
1982,380,1387,0
1983,380,124,0
1984,380,1080,0
1985,380,141,0
1986,380,328,0
1987,380,761,0
1988,380,427,0
1989,380,237,0
1990,380,281,0
1991,380,453,0
1992,380,727,0
1993,380,1043,0
1994,380,1112,0
1995,380,667,0
1996,380,997,0
1997,380,842,0
1998,380,30,0
1999,380,381,0
2000,380,557,0
2001,380,53,0
2002,380,412,0
2003,380,1238,0
2004,380,562,0
2005,380,198,0
2006,380,971,0
2007,380,1050,0
2008,380,989,0
2009,380,39,0
2010,380,1157,0
2011,380,947,0
2012,380,907,0
2013,380,650,0
2014,380,944,0
2015,380,1178,0
2016,380,858,0
2017,380,837,0
2018,380,1278,0
2019,380,898,0
2020,380,740,0
2021,380,896,0
2022,380,334,0
2023,380,167,0
2024,380,759,0
2025,380,998,0
2026,380,531,0
2027,380,183,0
2028,380,922,0
2029,380,1081,0
2030,380,880,0
2031,380,448,0
2032,380,673,0
2033,380,345,0
2034,380,1391,0
2035,380,315,0
2036,380,1132,0
2037,380,172,0
2038,380,379,0
2039,380,1286,0
2040,380,150,0
2041,380,267,0
2042,380,42,0
2043,380,1357,0
2044,380,1329,0
2045,380,848,0
2046,380,1108,0
2047,380,98,0
2048,380,166,0
2049,380,255,0
2050,380,751,0
2051,380,1078,0
2052,380,1293,0
2053,380,888,0
2054,380,892,0
2055,380,257,0
2056,380,972,0
2057,380,1359,0
2058,380,1408,0
2059,380,1267,0
2060,380,924,0
2061,380,1197,0
2062,380,219,0
2063,380,107,0
2064,380,1217,0
2065,380,1062,0
2066,380,974,0
2067,380,620,0
2068,380,326,0
2069,380,1312,0
2070,380,1307,0
2071,380,646,0
2072,380,113,0
2073,380,120,0
2074,380,755,0
2075,380,1336,0
2076,380,143,0
2077,380,1106,0
2078,380,1219,0
2079,380,66,0
2080,380,2,0
2081,380,496,0
2082,380,123,0
2083,380,808,0
2084,380,1136,0
2085,380,1270,0
2086,380,116,0
2087,380,722,0
2088,380,475,0
2089,444,42,0
2090,444,1092,0
2091,444,846,0
2092,444,738,0
2093,444,400,0
2094,444,517,0
2095,444,731,0
2096,444,1123,0
2097,444,267,0
2098,444,1221,0
2099,444,825,0
2100,444,1253,0
2101,444,717,0
2102,444,180,0
2103,444,472,0
2104,444,663,0
2105,444,1207,0
2106,444,592,0
2107,444,396,0
2108,444,1395,0
2109,444,975,0
2110,444,522,0
2111,444,1016,0
2112,444,23,0
2113,444,445,0
2114,444,931,0
2115,444,799,0
2116,444,1265,0
2117,444,1022,0
2118,444,164,0
2119,444,477,0
2120,444,54,0
2121,444,420,0
2122,444,303,0
2123,444,949,0
2124,444,1384,0
2125,444,1025,0
2126,444,89,0
2127,444,916,0
2128,444,983,0
2129,444,996,0
2130,444,862,0
2131,444,117,0
2132,444,85,0
2133,444,516,0
2134,444,797,0
2135,444,940,0
2136,444,138,0
2137,444,650,0
2138,444,329,0
2139,444,343,0
2140,444,1163,0
2141,444,1099,0
2142,444,158,0
2143,444,790,0
2144,444,60,0
2145,444,1226,0
2146,444,679,0
2147,444,805,0
2148,444,807,0
2149,444,307,0
2150,444,435,0
2151,444,823,0
2152,444,209,0
2153,444,568,0
2154,444,659,0
2155,444,607,0
2156,444,766,0
2157,444,284,0
2158,444,1008,0
2159,444,57,0
2160,444,90,0
2161,444,1153,0
2162,444,228,0
2163,444,1105,0
2164,444,310,0
2165,444,575,0
2166,444,718,0
2167,444,747,0
2168,444,1263,0
2169,444,1295,0
2170,444,344,0
2171,444,888,0
2172,444,206,0
2173,444,962,0
2174,444,77,0
2175,444,336,0
2176,444,73,0
2177,444,1080,0
2178,444,1383,0
2179,444,785,0
2180,444,966,0
2181,444,822,0
2182,444,788,0
2183,444,254,0
2184,444,689,0
2185,444,2,0
2186,444,1403,0
2187,444,1140,0
2188,444,480,0
2189,444,1143,0
2190,444,192,0
2191,444,324,0
2192,444,1150,0
2193,444,44,0
2194,444,1158,0
2195,444,1031,0
2196,444,749,0
2197,444,466,0
2198,444,1205,0
2199,444,245,0
2200,444,1137,0
2201,444,827,0
2202,444,1321,0
2203,444,632,0
2204,444,390,0
2205,444,1059,0
2206,444,1037,0
2207,444,372,0
2208,444,1366,0
2209,444,774,0
2210,444,1407,0
2211,444,276,0
2212,444,1162,0
2213,444,417,0
2214,444,461,0
2215,444,1195,0
2216,444,1266,0
2217,444,349,0
2218,444,1268,0
2219,444,1165,0
2220,444,198,0
2221,444,812,0
2222,444,493,0
2223,444,3,0
2224,444,101,0
2225,444,278,0
2226,444,798,0
2227,444,1388,0
2228,444,735,0
2229,525,416,0
2230,525,1155,0
2231,525,634,0
2232,525,1374,0
2233,525,176,0
2234,525,741,0
2235,525,809,0
2236,525,718,0
2237,525,133,0
2238,525,833,0
2239,525,868,0
2240,525,1134,0
2241,525,817,0
2242,525,837,0
2243,525,576,0
2244,525,166,0
2245,525,1094,0
2246,525,56,0
2247,525,1034,0
2248,525,26,0
2249,525,674,0
2250,525,293,0
2251,525,185,0
2252,525,1075,0
2253,525,1235,0
2254,525,1209,0
2255,525,906,0
2256,525,710,0
2257,525,314,0
2258,525,677,0
2259,525,329,0
2260,525,1080,0
2261,525,277,0
2262,525,625,0
2263,525,1165,0
2264,525,478,0
2265,525,628,0
2266,525,429,0
2267,525,951,0
2268,525,810,0
2269,525,971,0
2270,525,822,0
2271,525,138,0
2272,525,1326,0
2273,525,514,0
2274,525,1090,0
2275,525,2,0
2276,525,1290,0
2277,525,640,0
2278,525,862,0
2279,525,444,0
2280,525,455,0
2281,525,1222,0
2282,525,1379,0
2283,525,1299,0
2284,525,1072,0
2285,525,943,0
2286,525,772,0
2287,525,441,0
2288,525,1363,0
2289,525,936,0
2290,525,475,0
2291,525,658,0
2292,525,1343,0
2293,525,1098,0
2294,525,1219,0
2295,525,489,0
2296,525,942,0
2297,525,773,0
2298,525,70,0
2299,525,1255,0
2300,525,747,0
2301,525,1039,0
2302,525,469,0
2303,525,568,0
2304,525,1160,0
2305,525,1227,0
2306,525,1047,0
2307,525,422,0
2308,525,1250,0
2309,525,3,0
2310,525,458,0
2311,525,852,0
2312,525,978,0
2313,525,1002,0
2314,525,351,0
2315,525,712,0
2316,525,1396,0
2317,525,306,0
2318,525,317,0
2319,525,878,0
2320,525,1089,0
2321,525,563,0
2322,525,242,0
2323,525,521,0
2324,525,846,0
2325,525,1148,0
2326,525,879,0
2327,525,1001,0
2328,525,770,0
2329,525,616,0
2330,525,1251,0
2331,525,964,0
2332,525,1011,0
2333,525,653,0
2334,525,663,0
2335,525,1316,0
2336,525,102,0
2337,525,917,0
2338,525,461,0
2339,525,417,0
2340,525,725,0
2341,525,1088,0
2342,525,370,0
2343,525,267,0
2344,525,225,0
2345,525,556,0
2346,525,438,0
2347,525,132,0
2348,525,743,0
2349,525,492,0
2350,525,529,0
2351,525,1003,0
2352,525,103,0
2353,525,819,0
2354,525,156,0
2355,525,1275,0
2356,525,375,0
2357,525,666,0
2358,525,1315,0
2359,525,1046,0
2360,525,1302,0
2361,525,596,0
2362,525,1179,0
2363,525,357,0
2364,525,524,0
2365,525,597,0
2366,591,957,0
2367,591,922,0
2368,591,296,0
2369,591,1167,0
2370,591,1085,0
2371,591,162,0
2372,591,1175,0
2373,591,1275,0
2374,591,11,0
2375,591,346,0
2376,591,434,0
2377,591,359,0
2378,591,743,0
2379,591,349,0
2380,591,60,0
2381,591,917,0
2382,591,440,0
2383,591,1035,0
2384,591,286,0
2385,591,522,0
2386,591,671,0
2387,591,544,0
2388,591,553,0
2389,591,911,0
2390,591,1356,0
2391,591,952,0
2392,591,1269,0
2393,591,507,0
2394,591,373,0
2395,591,1110,0
2396,591,9,0
2397,591,1177,0
2398,591,1331,0
2399,591,482,0
2400,591,834,0
2401,591,141,0
2402,591,161,0
2403,591,1333,0
2404,591,1407,0
2405,591,881,0
2406,591,1004,0
2407,591,521,0
2408,591,517,0
2409,591,1292,0
2410,591,768,0
2411,591,396,0
2412,591,633,0
2413,591,527,0
2414,591,295,0
2415,591,361,0
2416,591,272,0
2417,591,99,0
2418,591,676,0
2419,591,1111,0
2420,591,1196,0
2421,591,689,0
2422,591,1384,0
2423,591,931,0
2424,591,1058,0
2425,591,979,0
2426,591,847,0
2427,591,238,0
2428,591,503,0
2429,591,186,0
2430,591,959,0
2431,591,1215,0
2432,591,635,0
2433,591,569,0
2434,591,1045,0
2435,591,723,0
2436,591,1277,0
2437,591,176,0
2438,591,579,0
2439,591,878,0
2440,591,980,0
2441,591,1390,0
2442,591,1227,0
2443,591,697,0
2444,591,696,0
2445,591,44,0
2446,591,764,0
2447,591,210,0
2448,591,722,0
2449,591,1315,0
2450,591,629,0
2451,591,865,0
2452,591,136,0
2453,591,300,0
2454,591,184,0
2455,591,156,0
2456,591,1003,0
2457,591,1405,0
2458,591,326,0
2459,591,291,0
2460,591,401,0
2461,600,204,0
2462,600,793,0
2463,600,1116,0
2464,600,87,0
2465,600,1036,0
2466,600,331,0
2467,600,951,0
2468,600,436,0
2469,600,271,0
2470,600,1144,0
2471,600,193,0
2472,600,144,0
2473,600,675,0
2474,600,1378,0
2475,600,782,0
2476,600,323,0
2477,600,195,0
2478,600,390,0
2479,600,981,0
2480,600,522,0
2481,600,934,0
2482,600,166,0
2483,600,1084,0
2484,600,1322,0
2485,600,659,0
2486,600,765,0
2487,600,1215,0
2488,600,366,0
2489,600,167,0
2490,600,28,0
2491,600,1205,0
2492,600,716,0
2493,600,1097,0
2494,600,267,0
2495,600,56,0
2496,600,455,0
2497,600,948,0
2498,600,921,0
2499,600,696,0
2500,600,676,0
2501,600,1010,0
2502,600,153,0
2503,600,39,0
2504,600,1336,0
2505,600,1330,0
2506,600,1004,0
2507,600,358,0
2508,600,700,0
2509,600,192,0
2510,600,1214,0
2511,600,1280,0
2512,600,552,0
2513,600,647,0
2514,600,208,0
2515,600,1093,0
2516,600,231,0
2517,600,743,0
2518,600,1273,0
2519,600,1297,0
2520,600,1008,0
2521,600,297,0
2522,600,605,0
2523,600,1328,0
2524,600,977,0
2525,600,253,0
2526,600,1356,0
2527,600,432,0
2528,600,123,0
2529,600,10,0
2530,600,428,0
2531,600,1370,0
2532,600,846,0
2533,600,766,0
2534,600,729,0
2535,600,898,0
2536,600,1105,0
2537,600,1230,0
2538,600,278,0
2539,600,998,0
2540,600,1400,0
2541,600,120,0
2542,600,1384,0
2543,600,301,0
2544,600,553,0
2545,600,119,0
2546,600,359,0
2547,600,683,0
2548,600,961,0
2549,600,983,0
2550,600,319,0
2551,600,1077,0
2552,600,203,0
2553,600,222,0
2554,600,550,0
2555,600,1365,0
2556,600,210,0
2557,600,1393,0
2558,600,1046,0
2559,600,459,0
2560,600,36,0
2561,600,176,0
2562,600,1200,0
2563,600,18,0
2564,600,381,0
2565,600,1161,0
2566,600,1396,0
2567,600,758,0
2568,600,202,0
2569,600,442,0
2570,600,414,0
2571,600,561,0
2572,600,410,0
2573,600,1015,0
2574,600,1404,0
2575,600,1114,0
2576,600,627,0
2577,600,821,0
2578,600,368,0
2579,600,326,0
2580,600,946,0
2581,600,500,0
2582,600,457,0
2583,600,8,0
2584,600,1403,0
2585,600,1309,0
2586,600,619,0
2587,600,1238,0
2588,600,82,0
2589,600,886,0
2590,600,132,0
2591,600,61,0
2592,600,1040,0
2593,600,216,0
2594,600,563,0
2595,600,791,0
2596,600,795,0
2597,600,112,0
2598,600,788,0
2599,600,1353,0
2600,601,1011,0
2601,601,186,0
2602,601,1034,0
2603,601,362,0
2604,601,974,0
2605,601,941,0
2606,601,382,0
2607,601,545,0
2608,601,242,0
2609,601,318,0
2610,601,306,0
2611,601,1317,0
2612,601,1140,0
2613,601,521,0
2614,601,510,0
2615,601,887,0
2616,601,1018,0
2617,601,1154,0
2618,601,1205,0
2619,601,365,0
2620,601,561,0
2621,601,944,0
2622,601,141,0
2623,601,965,0
2624,601,1131,0
2625,601,484,0
2626,601,13,0
2627,601,574,0
2628,601,8,0
2629,601,786,0
2630,601,1214,0
2631,601,487,0
2632,601,1122,0
2633,601,433,0
2634,601,486,0
2635,601,1268,0
2636,601,811,0
2637,601,409,0
2638,601,764,0
2639,601,1125,0
2640,601,938,0
2641,601,1405,0
2642,601,1197,0
2643,601,529,0
2644,601,1161,0
2645,601,514,0
2646,601,1088,0
2647,601,499,0
2648,601,376,0
2649,601,882,0
2650,601,1306,0
2651,601,803,0
2652,601,149,0
2653,601,113,0
2654,601,1100,0
2655,601,659,0
2656,601,1344,0
2657,601,92,0
2658,601,1281,0
2659,601,890,0
2660,601,1130,0
2661,601,446,0
2662,601,917,0
2663,601,783,0
2664,601,163,0
2665,601,955,0
2666,601,442,0
2667,601,198,0
2668,601,751,0
2669,601,273,0
2670,601,592,0
2671,601,977,0
2672,601,877,0
2673,601,820,0
2674,601,266,0
2675,601,1320,0
2676,601,728,0
2677,601,143,0
2678,601,274,0
2679,601,637,0
2680,601,681,0
2681,601,1211,0
2682,601,744,0
2683,601,203,0
2684,601,333,0
2685,601,950,0
2686,601,740,0
2687,601,946,0
2688,601,361,0
2689,601,490,0
2690,601,536,0
2691,601,639,0
2692,601,302,0
2693,601,1309,0
2694,601,1240,0
2695,601,1112,0
2696,601,850,0
2697,601,1153,0
2698,601,547,0
2699,601,1384,0
2700,601,287,0
2701,601,719,0
2702,601,1241,0
2703,601,539,0
2704,601,1395,0
2705,601,915,0
2706,601,195,0
2707,601,1282,0
2708,601,1101,0
2709,601,1375,0
2710,601,1196,0
2711,601,918,0
2712,601,590,0
2713,601,708,0
2714,601,1267,0
2715,601,687,0
2716,601,89,0
2717,601,660,0
2718,601,100,0
2719,601,1187,0
2720,601,288,0
2721,601,108,0
2722,601,1064,0
2723,601,393,0
2724,601,1078,0
2725,601,82,0
2726,601,931,0
2727,643,1117,0
2728,643,1391,0
2729,643,690,0
2730,643,44,0
2731,643,796,0
2732,643,979,0
2733,643,1224,0
2734,643,764,0
2735,643,759,0
2736,643,848,0
2737,643,1,0
2738,643,683,0
2739,643,292,0
2740,643,564,0
2741,643,787,0
2742,643,1137,0
2743,643,377,0
2744,643,1191,0
2745,643,335,0
2746,643,1185,0
2747,643,29,0
2748,643,177,0
2749,643,847,0
2750,643,850,0
2751,643,941,0
2752,643,386,0
2753,643,20,0
2754,643,456,0
2755,643,615,0
2756,643,1328,0
2757,643,1169,0
2758,643,142,0
2759,643,794,0
2760,643,665,0
2761,643,215,0
2762,643,53,0
2763,643,396,0
2764,643,578,0
2765,643,224,0
2766,643,21,0
2767,643,952,0
2768,643,1199,0
2769,643,79,0
2770,643,917,0
2771,643,671,0
2772,643,271,0
2773,643,753,0
2774,643,580,0
2775,643,492,0
2776,643,103,0
2777,643,1204,0
2778,643,1392,0
2779,643,1190,0
2780,643,695,0
2781,643,920,0
2782,643,161,0
2783,643,900,0
2784,643,1046,0
2785,643,451,0
2786,643,305,0
2787,643,893,0
2788,643,1118,0
2789,643,14,0
2790,643,408,0
2791,643,507,0
2792,643,655,0
2793,643,946,0
2794,643,781,0
2795,643,191,0
2796,643,1260,0
2797,643,1304,0
2798,643,1196,0
2799,643,1028,0
2800,643,145,0
2801,643,928,0
2802,643,718,0
2803,643,866,0
2804,643,1099,0
2805,643,629,0
2806,643,1045,0
2807,643,100,0
2808,643,109,0
2809,643,244,0
2810,643,406,0
2811,643,538,0
2812,643,571,0
2813,706,566,0
2814,706,109,0
2815,706,1111,0
2816,706,202,0
2817,706,85,0
2818,706,1214,0
2819,706,1194,0
2820,706,331,0
2821,706,975,0
2822,706,1173,0
2823,706,1295,0
2824,706,1088,0
2825,706,716,0
2826,706,549,0
2827,706,867,0
2828,706,1381,0
2829,706,759,0
2830,706,691,0
2831,706,1156,0
2832,706,1074,0
2833,706,100,0
2834,706,579,0
2835,706,1265,0
2836,706,271,0
2837,706,954,0
2838,706,877,0
2839,706,487,0
2840,706,491,0
2841,706,455,0
2842,706,969,0
2843,706,930,0
2844,706,949,0
2845,706,819,0
2846,706,737,0
2847,706,1186,0
2848,706,1073,0
2849,706,213,0
2850,706,1285,0
2851,706,315,0
2852,706,1372,0
2853,706,527,0
2854,706,17,0
2855,706,1273,0
2856,706,1319,0
2857,706,829,0
2858,706,1169,0
2859,706,174,0
2860,706,522,0
2861,706,1293,0
2862,706,154,0
2863,706,1090,0
2864,706,308,0
2865,706,634,0
2866,706,699,0
2867,706,921,0
2868,706,944,0
2869,706,405,0
2870,706,1208,0
2871,706,7,0
2872,706,351,0
2873,706,1082,0
2874,706,599,0
2875,706,855,0
2876,706,1084,0
2877,706,193,0
2878,706,658,0
2879,706,828,0
2880,706,244,0
2881,706,554,0
2882,706,1191,0
2883,706,780,0
2884,706,703,0
2885,706,1217,0
2886,706,1039,0
2887,706,440,0
2888,706,951,0
2889,706,992,0
2890,706,1210,0
2891,706,296,0
2892,706,318,0
2893,706,956,0
2894,706,537,0
2895,706,375,0
2896,706,294,0
2897,706,606,0
2898,706,97,0
2899,706,147,0
2900,706,669,0
2901,706,295,0
2902,706,409,0
2903,706,538,0
2904,706,652,0
2905,706,485,0
2906,706,845,0
2907,706,883,0
2908,706,1262,0
2909,706,1267,0
2910,706,277,0
2911,706,717,0
2912,706,509,0
2913,706,52,0
2914,706,874,0
2915,706,448,0
2916,706,682,0
2917,706,157,0
2918,706,555,0
2919,706,61,0
2920,706,512,0
2921,706,245,0
2922,706,1363,0
2923,706,884,0
2924,706,641,0
2925,706,1149,0
2926,706,1050,0
2927,706,143,0
2928,706,843,0
2929,706,1028,0
2930,706,627,0
2931,706,581,0
2932,706,1370,0
2933,706,929,0
2934,706,569,0
2935,706,729,0
2936,706,633,0
2937,706,1105,0
2938,706,1115,0
2939,706,1384,0
2940,706,755,0
2941,706,510,0
2942,706,130,0
2943,706,311,0
2944,706,444,0
2945,706,433,0
2946,706,665,0
2947,706,153,0
2948,706,541,0
2949,706,690,0
2950,706,678,0
2951,706,1291,0
2952,706,1007,0
2953,717,1167,0
2954,717,408,0
2955,717,706,0
2956,717,288,0
2957,717,622,0
2958,717,903,0
2959,717,1385,0
2960,717,1040,0
2961,717,449,0
2962,717,281,0
2963,717,569,0
2964,717,173,0
2965,717,1012,0
2966,717,1044,0
2967,717,1039,0
2968,717,1184,0
2969,717,482,0
2970,717,1052,0
2971,717,809,0
2972,717,387,0
2973,717,691,0
2974,717,641,0
2975,717,143,0
2976,717,698,0
2977,717,322,0
2978,717,16,0
2979,717,1116,0
2980,717,553,0
2981,717,1172,0
2982,717,773,0
2983,717,980,0
2984,717,883,0
2985,717,1300,0
2986,717,476,0
2987,717,867,0
2988,717,909,0
2989,717,503,0
2990,717,300,0
2991,717,1205,0
2992,717,1157,0
2993,717,714,0
2994,717,1230,0
2995,717,464,0
2996,717,499,0
2997,717,375,0
2998,717,121,0
2999,717,6,0
3000,717,1101,0
3001,717,1006,0
3002,717,882,0
3003,717,366,0
3004,717,1206,0
3005,717,32,0
3006,717,1344,0
3007,717,755,0
3008,717,13,0
3009,717,161,0
3010,717,900,0
3011,717,505,0
3012,717,1075,0
3013,717,29,0
3014,717,907,0
3015,717,559,0
3016,717,100,0
3017,717,1079,0
3018,717,133,0
3019,717,480,0
3020,717,163,0
3021,717,260,0
3022,717,999,0
3023,717,1032,0
3024,717,932,0
3025,717,987,0
3026,717,220,0
3027,717,104,0
3028,717,928,0
3029,717,1329,0
3030,717,926,0
3031,717,975,0
3032,717,147,0
3033,717,664,0
3034,717,1310,0
3035,717,856,0
3036,717,1129,0
3037,717,1093,0
3038,717,1145,0
3039,717,850,0
3040,717,1130,0
3041,717,1326,0
3042,717,1297,0
3043,717,386,0
3044,717,775,0
3045,717,958,0
3046,717,852,0
3047,717,729,0
3048,717,1210,0
3049,717,1340,0
3050,727,70,0
3051,727,1019,0
3052,727,101,0
3053,727,576,0
3054,727,542,0
3055,727,232,0
3056,727,1342,0
3057,727,768,0
3058,727,694,0
3059,727,1084,0
3060,727,995,0
3061,727,627,0
3062,727,739,0
3063,727,876,0
3064,727,1327,0
3065,727,624,0
3066,727,1252,0
3067,727,399,0
3068,727,386,0
3069,727,922,0
3070,727,1333,0
3071,727,682,0
3072,727,1398,0
3073,727,729,0
3074,727,13,0
3075,727,219,0
3076,727,1068,0
3077,727,772,0
3078,727,799,0
3079,727,743,0
3080,727,114,0
3081,727,545,0
3082,727,649,0
3083,727,83,0
3084,727,957,0
3085,727,916,0
3086,727,1236,0
3087,727,89,0
3088,727,107,0
3089,727,540,0
3090,727,1309,0
3091,727,1262,0
3092,727,1363,0
3093,727,1135,0
3094,727,1352,0
3095,727,113,0
3096,727,397,0
3097,727,430,0
3098,727,1191,0
3099,727,1366,0
3100,727,431,0
3101,727,12,0
3102,727,1000,0
3103,727,798,0
3104,727,240,0
3105,727,1114,0
3106,727,888,0
3107,727,1343,0
3108,727,302,0
3109,727,683,0
3110,727,162,0
3111,727,1390,0
3112,727,1176,0
3113,727,205,0
3114,727,1075,0
3115,727,156,0
3116,727,965,0
3117,727,253,0
3118,727,1297,0
3119,727,962,0
3120,727,790,0
3121,727,106,0
3122,727,795,0
3123,727,406,0
3124,727,1347,0
3125,727,1128,0
3126,727,596,0
3127,727,1266,0
3128,727,450,0
3129,727,981,0
3130,727,409,0
3131,727,306,0
3132,727,1120,0
3133,727,534,0
3134,727,1193,0
3135,727,1171,0
3136,727,404,0
3137,727,1270,0
3138,727,1026,0
3139,727,1150,0
3140,727,204,0
3141,727,1155,0
3142,727,94,0
3143,727,914,0
3144,727,549,0
3145,727,286,0
3146,727,919,0
3147,727,203,0
3148,727,875,0
3149,727,641,0
3150,727,195,0
3151,727,138,0
3152,727,75,0
3153,727,281,0
3154,727,665,0
3155,727,1065,0
3156,727,1376,0
3157,727,1071,0
3158,727,689,0
3159,727,128,0
3160,727,870,0
3161,727,334,0
3162,727,508,0
3163,727,400,0
3164,727,1016,0
3165,727,288,0
3166,727,422,0
3167,727,674,0
3168,727,1070,0
3169,727,520,0
3170,727,1010,0
3171,727,1008,0
3172,727,1085,0
3173,727,938,0
3174,727,436,0
3175,727,566,0
3176,727,541,0
3177,727,276,0
3178,727,1174,0
3179,727,924,0
3180,727,574,0
3181,727,788,0
3182,727,526,0
3183,727,136,0
3184,727,963,0
3185,727,1302,0
3186,727,1258,0
3187,727,221,0
3188,727,1242,0
3189,822,993,0
3190,822,779,0
3191,822,890,0
3192,822,689,0
3193,822,1303,0
3194,822,384,0
3195,822,766,0
3196,822,38,0
3197,822,917,0
3198,822,600,0
3199,822,623,0
3200,822,94,0
3201,822,948,0
3202,822,1302,0
3203,822,865,0
3204,822,680,0
3205,822,258,0
3206,822,116,0
3207,822,792,0
3208,822,480,0
3209,822,1318,0
3210,822,211,0
3211,822,692,0
3212,822,910,0
3213,822,524,0
3214,822,287,0
3215,822,1067,0
3216,822,15,0
3217,822,148,0
3218,822,1200,0
3219,822,527,0
3220,822,1018,0
3221,822,411,0
3222,822,307,0
3223,822,1207,0
3224,822,1368,0
3225,822,261,0
3226,822,863,0
3227,822,47,0
3228,822,714,0
3229,822,592,0
3230,822,57,0
3231,822,1375,0
3232,822,65,0
3233,822,177,0
3234,822,123,0
3235,822,273,0
3236,822,618,0
3237,822,704,0
3238,822,361,0
3239,822,901,0
3240,822,1117,0
3241,822,483,0
3242,822,1273,0
3243,822,147,0
3244,822,643,0
3245,822,730,0
3246,822,705,0
3247,822,584,0
3248,822,366,0
3249,822,353,0
3250,822,1155,0
3251,822,1108,0
3252,822,1236,0
3253,822,170,0
3254,822,1363,0
3255,822,537,0
3256,822,455,0
3257,822,1062,0
3258,822,19,0
3259,822,1046,0
3260,822,383,0
3261,822,1168,0
3262,822,458,0
3263,822,284,0
3264,822,1380,0
3265,822,430,0
3266,822,1111,0
3267,822,547,0
3268,822,1409,0
3269,822,1135,0
3270,822,579,0
3271,822,816,0
3272,822,506,0
3273,822,585,0
3274,822,247,0
3275,822,71,0
3276,822,1350,0
3277,822,150,0
3278,822,1255,0
3279,822,146,0
3280,822,662,0
3281,822,562,0
3282,822,1115,0
3283,822,1007,0
3284,822,197,0
3285,822,1172,0
3286,822,445,0
3287,822,1031,0
3288,822,103,0
3289,822,259,0
3290,822,208,0
3291,822,926,0
3292,822,681,0
3293,822,1167,0
3294,822,345,0
3295,822,515,0
3296,822,1300,0
3297,822,1407,0
3298,822,400,0
3299,822,51,0
3300,822,670,0
3301,822,799,0
3302,822,1306,0
3303,822,316,0
3304,822,635,0
3305,822,202,0
3306,822,1002,0
3307,822,418,0
3308,822,943,0
3309,822,840,0
3310,822,62,0
3311,822,194,0
3312,822,1028,0
3313,822,403,0
3314,822,110,0
3315,822,597,0
3316,822,415,0
3317,822,1124,0
3318,822,21,0
3319,822,1321,0
3320,822,195,0
3321,822,1069,0
3322,822,1217,0
3323,890,1195,0
3324,890,629,0
3325,890,1144,0
3326,890,1335,0
3327,890,482,0
3328,890,1083,0
3329,890,327,0
3330,890,780,0
3331,890,132,0
3332,890,120,0
3333,890,971,0
3334,890,174,0
3335,890,1145,0
3336,890,552,0
3337,890,69,0
3338,890,559,0
3339,890,232,0
3340,890,1000,0
3341,890,231,0
3342,890,824,0
3343,890,283,0
3344,890,1056,0
3345,890,571,0
3346,890,1019,0
3347,890,215,0
3348,890,353,0
3349,890,1046,0
3350,890,406,0
3351,890,434,0
3352,890,352,0
3353,890,472,0
3354,890,1246,0
3355,890,1255,0
3356,890,1388,0
3357,890,958,0
3358,890,938,0
3359,890,280,0
3360,890,34,0
3361,890,919,0
3362,890,108,0
3363,890,944,0
3364,890,905,0
3365,890,1078,0
3366,890,675,0
3367,890,712,0
3368,890,332,0
3369,890,1085,0
3370,890,873,0
3371,890,89,0
3372,890,604,0
3373,890,155,0
3374,890,521,0
3375,890,307,0
3376,890,856,0
3377,890,199,0
3378,890,76,0
3379,890,110,0
3380,890,1232,0
3381,890,1073,0
3382,890,169,0
3383,890,351,0
3384,890,852,0
3385,890,292,0
3386,890,227,0
3387,890,346,0
3388,890,90,0
3389,890,1153,0
3390,890,586,0
3391,890,1176,0
3392,890,1250,0
3393,890,171,0
3394,890,341,0
3395,890,937,0
3396,890,988,0
3397,890,1162,0
3398,890,497,0
3399,890,1061,0
3400,890,395,0
3401,890,1032,0
3402,890,582,0
3403,890,208,0
3404,890,1307,0
3405,890,481,0
3406,890,729,0
3407,890,484,0
3408,890,1329,0
3409,890,1292,0
3410,890,502,0
3411,890,805,0
3412,890,1008,0
3413,890,942,0
3414,890,816,0
3415,890,542,0
3416,890,116,0
3417,890,1316,0
3418,890,619,0
3419,890,1030,0
3420,890,620,0
3421,890,1129,0
3422,890,959,0
3423,890,1003,0
3424,890,391,0
3425,890,1182,0
3426,890,456,0
3427,890,1239,0
3428,890,507,0
3429,890,119,0
3430,890,463,0
3431,890,867,0
3432,890,692,0
3433,890,835,0
3434,890,760,0
3435,890,970,0
3436,890,380,0
3437,890,1065,0
3438,890,1313,0
3439,890,286,0
3440,890,1161,0
3441,890,701,0
3442,890,601,0
3443,890,917,0
3444,890,1100,0
3445,890,1212,0
3446,890,595,0
3447,890,72,0
3448,890,48,0
3449,890,1035,0
3450,890,131,0
3451,890,1377,0
3452,955,123,0
3453,955,350,0
3454,955,471,0
3455,955,290,0
3456,955,1140,0
3457,955,1101,0
3458,955,497,0
3459,955,1133,0
3460,955,24,0
3461,955,1399,0
3462,955,923,0
3463,955,1017,0
3464,955,666,0
3465,955,423,0
3466,955,757,0
3467,955,27,0
3468,955,1172,0
3469,955,901,0
3470,955,1343,0
3471,955,434,0
3472,955,1231,0
3473,955,13,0
3474,955,11,0
3475,955,318,0
3476,955,878,0
3477,955,1242,0
3478,955,525,0
3479,955,216,0
3480,955,816,0
3481,955,1066,0
3482,955,1076,0
3483,955,357,0
3484,955,292,0
3485,955,910,0
3486,955,1286,0
3487,955,1151,0
3488,955,201,0
3489,955,1303,0
3490,955,73,0
3491,955,294,0
3492,955,1049,0
3493,955,1201,0
3494,955,583,0
3495,955,1114,0
3496,955,1116,0
3497,955,188,0
3498,955,1391,0
3499,955,629,0
3500,955,169,0
3501,955,132,0
3502,955,36,0
3503,955,612,0
3504,955,145,0
3505,955,942,0
3506,955,1046,0
3507,955,399,0
3508,955,244,0
3509,955,333,0
3510,955,779,0
3511,955,914,0
3512,955,81,0
3513,955,826,0
3514,955,407,0
3515,955,462,0
3516,955,1341,0
3517,955,383,0
3518,955,980,0
3519,955,1204,0
3520,955,268,0
3521,955,373,0
3522,955,863,0
3523,955,360,0
3524,955,1153,0
3525,955,302,0
3526,955,1199,0
3527,955,1190,0
3528,955,714,0
3529,955,1228,0
3530,955,469,0
3531,955,125,0
3532,955,590,0
3533,955,710,0
3534,955,511,0
3535,955,1123,0
3536,955,900,0
3537,955,1394,0
3538,955,917,0
3539,955,45,0
3540,955,415,0
3541,955,199,0
3542,955,1179,0
3543,955,611,0
3544,955,368,0
3545,955,432,0
3546,955,855,0
3547,955,1311,0
3548,955,1039,0
3549,955,1177,0
3550,955,1112,0
3551,955,1141,0
3552,955,521,0
3553,955,517,0
3554,955,633,0
3555,955,734,0
3556,955,1130,0
3557,955,402,0
3558,955,49,0
3559,955,812,0
3560,955,783,0
3561,955,873,0
3562,955,74,0
3563,955,588,0
3564,955,536,0
3565,955,551,0
3566,955,975,0
3567,955,649,0
3568,955,579,0
3569,955,735,0
3570,955,1370,0
3571,955,80,0
3572,955,175,0
3573,955,205,0
3574,955,1078,0
3575,955,361,0
3576,955,784,0
3577,955,1360,0
3578,955,4,0
3579,955,754,0
3580,955,1205,0
3581,973,1039,0
3582,973,1011,0
3583,973,1106,0
3584,973,295,0
3585,973,1216,0
3586,973,1026,0
3587,973,484,0
3588,973,789,0
3589,973,114,0
3590,973,1012,0
3591,973,311,0
3592,973,752,0
3593,973,1327,0
3594,973,862,0
3595,973,565,0
3596,973,707,0
3597,973,1287,0
3598,973,229,0
3599,973,347,0
3600,973,260,0
3601,973,891,0
3602,973,7,0
3603,973,560,0
3604,973,444,0
3605,973,1127,0
3606,973,366,0
3607,973,792,0
3608,973,1314,0
3609,973,281,0
3610,973,825,0
3611,973,419,0
3612,973,353,0
3613,973,273,0
3614,973,994,0
3615,973,746,0
3616,973,1217,0
3617,973,723,0
3618,973,777,0
3619,973,332,0
3620,973,555,0
3621,973,817,0
3622,973,156,0
3623,973,650,0
3624,973,432,0
3625,973,920,0
3626,973,1320,0
3627,973,113,0
3628,973,410,0
3629,973,315,0
3630,973,1234,0
3631,973,130,0
3632,973,1112,0
3633,973,368,0
3634,973,1378,0
3635,973,390,0
3636,973,997,0
3637,973,6,0
3638,973,868,0
3639,973,719,0
3640,973,1179,0
3641,973,47,0
3642,973,49,0
3643,973,1405,0
3644,973,646,0
3645,973,193,0
3646,973,782,0
3647,973,302,0
3648,973,553,0
3649,973,305,0
3650,973,1202,0
3651,973,871,0
3652,973,329,0
3653,973,203,0
3654,973,980,0
3655,973,578,0
3656,973,438,0
3657,973,911,0
3658,973,1224,0
3659,973,724,0
3660,973,136,0
3661,973,1361,0
3662,973,437,0
3663,973,935,0
3664,973,797,0
3665,973,108,0
3666,973,1029,0
3667,973,688,0
3668,989,1093,0
3669,989,713,0
3670,989,85,0
3671,989,1349,0
3672,989,912,0
3673,989,881,0
3674,989,474,0
3675,989,1174,0
3676,989,276,0
3677,989,510,0
3678,989,443,0
3679,989,241,0
3680,989,237,0
3681,989,1041,0
3682,989,37,0
3683,989,329,0
3684,989,347,0
3685,989,79,0
3686,989,457,0
3687,989,421,0
3688,989,87,0
3689,989,825,0
3690,989,177,0
3691,989,495,0
3692,989,1038,0
3693,989,886,0
3694,989,66,0
3695,989,4,0
3696,989,436,0
3697,989,1333,0
3698,989,601,0
3699,989,488,0
3700,989,727,0
3701,989,541,0
3702,989,365,0
3703,989,531,0
3704,989,720,0
3705,989,1291,0
3706,989,1344,0
3707,989,1375,0
3708,989,96,0
3709,989,264,0
3710,989,331,0
3711,989,195,0
3712,989,974,0
3713,989,1234,0
3714,989,22,0
3715,989,346,0
3716,989,180,0
3717,989,1321,0
3718,989,917,0
3719,989,663,0
3720,989,1361,0
3721,989,930,0
3722,989,567,0
3723,989,967,0
3724,989,592,0
3725,989,1295,0
3726,989,877,0
3727,989,466,0
3728,989,220,0
3729,989,862,0
3730,989,67,0
3731,989,144,0
3732,989,537,0
3733,989,866,0
3734,989,326,0
3735,989,313,0
3736,989,464,0
3737,989,1126,0
3738,989,1157,0
3739,989,361,0
3740,989,1196,0
3741,989,798,0
3742,989,678,0
3743,989,303,0
3744,989,1340,0
3745,989,33,0
3746,989,979,0
3747,989,385,0
3748,989,719,0
3749,989,519,0
3750,989,441,0
3751,989,1187,0
3752,989,215,0
3753,989,647,0
3754,989,505,0
3755,989,832,0
3756,989,822,0
3757,989,1224,0
3758,989,934,0
3759,989,1312,0
3760,989,688,0
3761,989,741,0
3762,989,1120,0
3763,989,262,0
3764,989,1051,0
3765,989,605,0
3766,989,1031,0
3767,996,923,0
3768,996,634,0
3769,996,693,0
3770,996,505,0
3771,996,49,0
3772,996,45,0
3773,996,611,0
3774,996,5,0
3775,996,506,0
3776,996,1235,0
3777,996,824,0
3778,996,510,0
3779,996,1007,0
3780,996,673,0
3781,996,507,0
3782,996,269,0
3783,996,339,0
3784,996,1292,0
3785,996,103,0
3786,996,1158,0
3787,996,1320,0
3788,996,1057,0
3789,996,1330,0
3790,996,1183,0
3791,996,875,0
3792,996,575,0
3793,996,207,0
3794,996,331,0
3795,996,676,0
3796,996,834,0
3797,996,1000,0
3798,996,1074,0
3799,996,697,0
3800,996,1384,0
3801,996,288,0
3802,996,979,0
3803,996,89,0
3804,996,488,0
3805,996,1306,0
3806,996,962,0
3807,996,708,0
3808,996,120,0
3809,996,920,0
3810,996,1383,0
3811,996,882,0
3812,996,212,0
3813,996,553,0
3814,996,978,0
3815,996,481,0
3816,996,1368,0
3817,996,1366,0
3818,996,40,0
3819,996,1049,0
3820,996,199,0
3821,996,1280,0
3822,996,690,0
3823,996,1003,0
3824,996,62,0
3825,996,621,0
3826,996,473,0
3827,996,101,0
3828,996,1403,0
3829,996,1177,0
3830,996,396,0
3831,996,1321,0
3832,996,468,0
3833,996,469,0
3834,996,333,0
3835,996,615,0
3836,996,345,0
3837,996,521,0
3838,996,878,0
3839,996,34,0
3840,996,947,0
3841,996,830,0
3842,996,1174,0
3843,996,1140,0
3844,996,568,0
3845,996,682,0
3846,996,1343,0
3847,996,1325,0
3848,996,556,0
3849,996,1172,0
3850,996,29,0
3851,996,646,0
3852,996,274,0
3853,996,1377,0
3854,996,1328,0
3855,996,323,0
3856,996,454,0
3857,996,1181,0
3858,996,416,0
3859,996,1308,0
3860,996,53,0
3861,996,1263,0
3862,996,584,0
3863,996,1116,0
3864,996,1052,0
3865,996,829,0
3866,996,662,0
3867,996,1036,0
3868,996,635,0
3869,996,796,0
3870,996,342,0
3871,996,303,0
3872,996,77,0
3873,996,50,0
3874,996,1160,0
3875,996,100,0
3876,996,1073,0
3877,996,1361,0
3878,996,1031,0
3879,996,1407,0
3880,996,382,0
3881,996,1147,0
3882,996,609,0
3883,996,652,0
3884,996,88,0
3885,996,442,0
3886,996,1199,0
3887,996,785,0
3888,996,750,0
3889,996,1204,0
3890,996,859,0
3891,996,86,0
3892,996,604,0
3893,996,1404,0
3894,996,362,0
3895,1028,796,0
3896,1028,559,0
3897,1028,263,0
3898,1028,211,0
3899,1028,1392,0
3900,1028,1304,0
3901,1028,453,0
3902,1028,911,0
3903,1028,335,0
3904,1028,1036,0
3905,1028,890,0
3906,1028,394,0
3907,1028,164,0
3908,1028,667,0
3909,1028,1378,0
3910,1028,1203,0
3911,1028,245,0
3912,1028,896,0
3913,1028,1158,0
3914,1028,596,0
3915,1028,419,0
3916,1028,581,0
3917,1028,258,0
3918,1028,422,0
3919,1028,901,0
3920,1028,679,0
3921,1028,701,0
3922,1028,363,0
3923,1028,726,0
3924,1028,190,0
3925,1028,1261,0
3926,1028,872,0
3927,1028,1353,0
3928,1028,451,0
3929,1028,511,0
3930,1028,655,0
3931,1028,1243,0
3932,1028,742,0
3933,1028,1080,0
3934,1028,715,0
3935,1028,501,0
3936,1028,1186,0
3937,1028,1217,0
3938,1028,1145,0
3939,1028,289,0
3940,1028,407,0
3941,1028,318,0
3942,1028,969,0
3943,1028,1391,0
3944,1028,646,0
3945,1028,1273,0
3946,1028,398,0
3947,1028,273,0
3948,1028,809,0
3949,1028,300,0
3950,1028,994,0
3951,1028,348,0
3952,1028,811,0
3953,1028,1084,0
3954,1028,567,0
3955,1028,486,0
3956,1028,313,0
3957,1028,935,0
3958,1028,545,0
3959,1028,1398,0
3960,1028,365,0
3961,1028,90,0
3962,1028,330,0
3963,1028,988,0
3964,1028,1016,0
3965,1028,583,0
3966,1028,537,0
3967,1028,693,0
3968,1028,360,0
3969,1028,1163,0
3970,1028,767,0
3971,1028,1103,0
3972,1028,1332,0
3973,1028,260,0
3974,1028,871,0
3975,1028,642,0
3976,1028,675,0
3977,1028,113,0
3978,1028,54,0
3979,1028,543,0
3980,1028,1271,0
3981,1028,560,0
3982,1028,412,0
3983,1028,1025,0
3984,1028,732,0
3985,1028,566,0
3986,1028,393,0
3987,1028,505,0
3988,1028,137,0
3989,1028,923,0
3990,1028,312,0
3991,1028,253,0
3992,1028,864,0
3993,1028,986,0
3994,1028,150,0
3995,1028,983,0
3996,1102,606,0
3997,1102,515,0
3998,1102,55,0
3999,1102,1115,0
4000,1102,1070,0
4001,1102,432,0
4002,1102,436,0
4003,1102,122,0
4004,1102,602,0
4005,1102,923,0
4006,1102,1329,0
4007,1102,429,0
4008,1102,1378,0
4009,1102,985,0
4010,1102,110,0
4011,1102,177,0
4012,1102,572,0
4013,1102,893,0
4014,1102,369,0
4015,1102,408,0
4016,1102,727,0
4017,1102,993,0
4018,1102,1058,0
4019,1102,764,0
4020,1102,1200,0
4021,1102,474,0
4022,1102,591,0
4023,1102,1193,0
4024,1102,373,0
4025,1102,40,0
4026,1102,420,0
4027,1102,960,0
4028,1102,392,0
4029,1102,1040,0
4030,1102,166,0
4031,1102,758,0
4032,1102,1276,0
4033,1102,1344,0
4034,1102,797,0
4035,1102,62,0
4036,1102,184,0
4037,1102,751,0
4038,1102,709,0
4039,1102,1395,0
4040,1102,1319,0
4041,1102,1398,0
4042,1102,1204,0
4043,1102,390,0
4044,1102,752,0
4045,1102,961,0
4046,1102,947,0
4047,1102,1021,0
4048,1102,1405,0
4049,1102,218,0
4050,1102,670,0
4051,1102,1010,0
4052,1102,1403,0
4053,1102,114,0
4054,1102,660,0
4055,1102,223,0
4056,1102,72,0
4057,1102,811,0
4058,1102,771,0
4059,1102,173,0
4060,1102,304,0
4061,1102,951,0
4062,1102,435,0
4063,1102,1126,0
4064,1102,1082,0
4065,1102,772,0
4066,1102,1313,0
4067,1102,1170,0
4068,1102,231,0
4069,1102,141,0
4070,1102,65,0
4071,1102,528,0
4072,1102,694,0
4073,1102,191,0
4074,1102,753,0
4075,1102,45,0
4076,1102,20,0
4077,1102,564,0
4078,1102,325,0
4079,1102,1290,0
4080,1102,289,0
4081,1102,920,0
4082,1102,1253,0
4083,1102,1038,0
4084,1102,965,0
4085,1102,1023,0
4086,1102,511,0
4087,1102,1065,0
4088,1102,883,0
4089,1102,452,0
4090,1102,742,0
4091,1102,857,0
4092,1102,354,0
4093,1102,1368,0
4094,1102,864,0
4095,1102,1332,0
4096,1102,143,0
4097,1102,424,0
4098,1102,1127,0
4099,1102,848,0
4100,1102,217,0
4101,1102,99,0
4102,1102,80,0
4103,1102,1288,0
4104,1102,1128,0
4105,1102,756,0
4106,1102,1364,0
4107,1102,1016,0
4108,1102,1285,0
4109,1102,705,0
4110,1102,726,0
4111,1102,16,0
4112,1102,635,0
4113,1102,56,0
4114,1102,829,0
4115,1102,1137,0
4116,1102,1167,0
4117,1102,1370,0
4118,1102,1333,0
4119,1102,1279,0
4120,1102,1243,0
4121,1102,139,0
4122,1102,1391,0
4123,1102,92,0
4124,1102,1122,0
4125,1102,378,0
4126,1102,824,0
4127,1102,875,0
4128,1102,363,0
4129,1102,891,0
4130,1102,779,0
4131,1102,1052,0
4132,1273,109,0
4133,1273,1107,0
4134,1273,602,0
4135,1273,268,0
4136,1273,1147,0
4137,1273,415,0
4138,1273,670,0
4139,1273,278,0
4140,1273,1334,0
4141,1273,1164,0
4142,1273,869,0
4143,1273,54,0
4144,1273,1271,0
4145,1273,1095,0
4146,1273,616,0
4147,1273,615,0
4148,1273,1288,0
4149,1273,37,0
4150,1273,646,0
4151,1273,212,0
4152,1273,1161,0
4153,1273,692,0
4154,1273,435,0
4155,1273,22,0
4156,1273,538,0
4157,1273,1098,0
4158,1273,205,0
4159,1273,125,0
4160,1273,590,0
4161,1273,582,0
4162,1273,1211,0
4163,1273,759,0
4164,1273,20,0
4165,1273,1215,0
4166,1273,1038,0
4167,1273,892,0
4168,1273,776,0
4169,1273,421,0
4170,1273,1186,0
4171,1273,422,0
4172,1273,731,0
4173,1273,1390,0
4174,1273,742,0
4175,1273,748,0
4176,1273,1176,0
4177,1273,393,0
4178,1273,577,0
4179,1273,809,0
4180,1273,259,0
4181,1273,603,0
4182,1273,249,0
4183,1273,1187,0
4184,1273,796,0
4185,1273,1222,0
4186,1273,550,0
4187,1273,823,0
4188,1273,950,0
4189,1273,638,0
4190,1273,101,0
4191,1273,508,0
4192,1273,1020,0
4193,1273,425,0
4194,1273,378,0
4195,1273,1281,0
4196,1273,787,0
4197,1273,1231,0
4198,1273,1227,0
4199,1273,1166,0
4200,1273,1351,0
4201,1273,687,0
4202,1273,1053,0
4203,1273,1337,0
4204,1273,217,0
4205,1273,292,0
4206,1273,235,0
4207,1273,274,0
4208,1273,231,0
4209,1273,182,0
4210,1273,1155,0
4211,1273,148,0
4212,1273,844,0
4213,1273,210,0
4214,1273,116,0
4215,1273,1143,0
4216,1273,914,0
4217,1273,726,0
4218,1273,444,0
4219,1273,937,0
4220,1273,567,0
4221,1273,958,0
4222,1273,1269,0
4223,1273,1010,0
4224,1273,594,0
4225,1273,597,0
4226,1273,1409,0
4227,1273,122,0
4228,1273,224,0
4229,1273,336,0
4230,1273,305,0
4231,1273,1272,0
4232,1273,1025,0
4233,1273,549,0
4234,1273,936,0
4235,1273,343,0
4236,1273,186,0
4237,1273,1235,0
4238,1273,917,0
4239,1273,1149,0
4240,1273,537,0
4241,1273,998,0
4242,1273,954,0
4243,1273,1259,0
4244,1273,106,0
4245,1273,774,0
4246,1273,820,0
4247,1273,767,0
4248,1273,1336,0
4249,1273,269,0
4250,1273,277,0
4251,1273,1295,0
4252,1273,1313,0
4253,1273,128,0
4254,1273,374,0
4255,1273,280,0
4256,1273,129,0
4257,1273,1084,0
4258,1273,982,0
4259,1273,155,0
4260,1273,143,0
4261,1273,526,0
4262,1273,896,0
4263,1273,360,0
4264,1273,701,0
4265,1273,480,0
4266,1273,359,0
4267,1273,857,0
4268,1273,149,0
4269,1273,574,0
4270,1273,607,0
4271,1273,672,0
4272,1329,1138,0
4273,1329,652,0
4274,1329,773,0
4275,1329,923,0
4276,1329,1118,0
4277,1329,441,0
4278,1329,247,0
4279,1329,904,0
4280,1329,368,0
4281,1329,132,0
4282,1329,1379,0
4283,1329,1019,0
4284,1329,459,0
4285,1329,1214,0
4286,1329,397,0
4287,1329,941,0
4288,1329,1111,0
4289,1329,1353,0
4290,1329,814,0
4291,1329,505,0
4292,1329,874,0
4293,1329,413,0
4294,1329,126,0
4295,1329,234,0
4296,1329,6,0
4297,1329,432,0
4298,1329,1044,0
4299,1329,384,0
4300,1329,664,0
4301,1329,1193,0
4302,1329,1267,0
4303,1329,46,0
4304,1329,38,0
4305,1329,12,0
4306,1329,981,0
4307,1329,1080,0
4308,1329,1069,0
4309,1329,614,0
4310,1329,353,0
4311,1329,1096,0
4312,1329,239,0
4313,1329,420,0
4314,1329,485,0
4315,1329,426,0
4316,1329,402,0
4317,1329,180,0
4318,1329,1382,0
4319,1329,21,0
4320,1329,429,0
4321,1329,1264,0
4322,1329,391,0
4323,1329,1116,0
4324,1329,1066,0
4325,1329,1308,0
4326,1329,938,0
4327,1329,709,0
4328,1329,582,0
4329,1329,949,0
4330,1329,238,0
4331,1329,1042,0
4332,1329,619,0
4333,1329,303,0
4334,1329,183,0
4335,1329,1307,0
4336,1329,621,0
4337,1329,891,0
4338,1329,772,0
4339,1329,809,0
4340,1329,680,0
4341,1329,1262,0
4342,1329,267,0
4343,1329,1171,0
4344,1329,1202,0
4345,1329,56,0
4346,1329,1004,0
4347,1329,466,0
4348,1329,884,0
4349,1329,752,0
4350,1329,849,0
4351,1329,812,0
4352,1329,910,0
4353,1329,962,0
4354,1329,529,0
4355,1329,125,0
4356,1329,892,0
4357,1329,1213,0
4358,1329,223,0
4359,1329,632,0
4360,1329,494,0
4361,1329,42,0
4362,1329,455,0
4363,1329,767,0
4364,1329,580,0
4365,1329,1407,0
4366,1329,925,0
4367,1329,1409,0
4368,1329,880,0
4369,1329,74,0
4370,1329,982,0
4371,1329,329,0
4372,1329,150,0
4373,1329,571,0
4374,1329,458,0
4375,1329,1322,0
4376,1329,770,0
4377,1329,548,0
4378,1329,390,0
4379,1329,1374,0
4380,1329,355,0
4381,1329,705,0
4382,1329,448,0
4383,1329,808,0
4384,1329,381,0
4385,1329,1236,0
4386,1329,1354,0
4387,1329,102,0
4388,1329,1328,0
4389,1329,1222,0
4390,1329,270,0
4391,1329,1012,0
4392,1329,1298,0
4393,1329,926,0
4394,1329,881,0
4395,1329,219,0
4396,1329,1277,0
4397,1344,873,0
4398,1344,1131,0
4399,1344,257,0
4400,1344,392,0
4401,1344,96,0
4402,1344,10,0
4403,1344,1326,0
4404,1344,830,0
4405,1344,121,0
4406,1344,1357,0
4407,1344,1108,0
4408,1344,1168,0
4409,1344,390,0
4410,1344,470,0
4411,1344,399,0
4412,1344,105,0
4413,1344,879,0
4414,1344,433,0
4415,1344,386,0
4416,1344,1098,0
4417,1344,277,0
4418,1344,192,0
4419,1344,1161,0
4420,1344,385,0
4421,1344,517,0
4422,1344,588,0
4423,1344,1225,0
4424,1344,504,0
4425,1344,1219,0
4426,1344,87,0
4427,1344,117,0
4428,1344,1321,0
4429,1344,79,0
4430,1344,909,0
4431,1344,1102,0
4432,1344,862,0
4433,1344,182,0
4434,1344,1199,0
4435,1344,804,0
4436,1344,1027,0
4437,1344,664,0
4438,1344,653,0
4439,1344,176,0
4440,1344,877,0
4441,1344,513,0
4442,1344,611,0
4443,1344,1351,0
4444,1344,197,0
4445,1344,1394,0
4446,1344,99,0
4447,1344,256,0
4448,1344,977,0
4449,1344,766,0
4450,1344,1229,0
4451,1344,1324,0
4452,1344,1188,0
4453,1344,198,0
4454,1344,915,0
4455,1344,148,0
4456,1344,308,0
4457,1344,365,0
4458,1344,515,0
4459,1344,126,0
4460,1344,1037,0
4461,1344,1373,0
4462,1344,335,0
4463,1344,1022,0
4464,1344,949,0
4465,1344,1140,0
4466,1344,283,0
4467,1344,1152,0
4468,1344,132,0
4469,1344,1067,0
4470,1344,153,0
4471,1344,1193,0
4472,1344,222,0
4473,1344,0,0
4474,1344,491,0
4475,1344,1052,0
4476,1344,161,0
4477,1344,1150,0
4478,1344,135,0
4479,1344,91,0
4480,1344,756,0
4481,1344,1223,0
4482,1344,18,0
4483,1344,1169,0
4484,1344,1177,0
4485,1344,364,0
4486,1344,529,0
4487,1344,1104,0
4488,1344,1154,0
4489,1344,443,0
4490,1344,16,0
4491,1344,934,0
4492,1344,484,0
4493,1344,959,0
4494,1344,157,0
4495,1344,559,0
4496,1344,797,0
4497,1344,293,0
4498,1344,582,0
4499,1344,916,0
4500,1344,632,0
4501,1344,678,0
4502,1344,81,0
4503,1344,1273,0
4504,1344,315,0
4505,1344,83,0
4506,1344,76,0
4507,1344,671,0
4508,1344,86,0
4509,1344,223,0
4510,1344,453,0
4511,1344,14,0
4512,1344,285,0
4513,1344,395,0
4514,1344,1353,0
4515,1344,694,0
4516,1344,552,0
4517,1344,541,0
4518,1344,1404,0
4519,1344,1233,0
4520,1344,1134,0
4521,1344,1328,0
4522,1344,124,0
4523,1344,800,0
4524,1344,758,0
4525,1344,376,0
4526,1344,1114,0
4527,1344,207,0
4528,1344,646,0
4529,1344,224,0
4530,1364,1131,0
4531,1364,1238,0
4532,1364,238,0
4533,1364,404,0
4534,1364,643,0
4535,1364,584,0
4536,1364,582,0
4537,1364,1201,0
4538,1364,775,0
4539,1364,817,0
4540,1364,519,0
4541,1364,837,0
4542,1364,769,0
4543,1364,118,0
4544,1364,699,0
4545,1364,1030,0
4546,1364,568,0
4547,1364,684,0
4548,1364,1108,0
4549,1364,145,0
4550,1364,671,0
4551,1364,157,0
4552,1364,48,0
4553,1364,619,0
4554,1364,686,0
4555,1364,906,0
4556,1364,269,0
4557,1364,195,0
4558,1364,80,0
4559,1364,946,0
4560,1364,338,0
4561,1364,15,0
4562,1364,1105,0
4563,1364,370,0
4564,1364,693,0
4565,1364,964,0
4566,1364,1084,0
4567,1364,113,0
4568,1364,776,0
4569,1364,1048,0
4570,1364,495,0
4571,1364,1314,0
4572,1364,532,0
4573,1364,846,0
4574,1364,1265,0
4575,1364,1038,0
4576,1364,816,0
4577,1364,800,0
4578,1364,496,0
4579,1364,820,0
4580,1364,220,0
4581,1364,1317,0
4582,1364,842,0
4583,1364,1045,0
4584,1364,1268,0
4585,1364,149,0
4586,1364,39,0
4587,1364,838,0
4588,1364,676,0
4589,1364,1169,0
4590,1364,306,0
4591,1364,1006,0
4592,1364,629,0
4593,1364,469,0
4594,1364,1162,0
4595,1364,571,0
4596,1364,692,0
4597,1364,308,0
4598,1364,1034,0
4599,1364,128,0
4600,1364,136,0
4601,1364,1380,0
4602,1364,1376,0
4603,1364,493,0
4604,1364,722,0
4605,1364,139,0
4606,1364,537,0
4607,1364,638,0
4608,1364,265,0
4609,1364,1070,0
4610,1364,514,0
4611,1364,557,0
4612,1364,540,0
4613,1364,616,0
4614,1364,1003,0
4615,1364,1119,0
4616,1364,1163,0
4617,1364,254,0
4618,1364,436,0
4619,1364,1408,0
4620,1364,1184,0
4621,1364,790,0
4622,1364,702,0
4623,1364,1348,0
4624,1364,522,0
4625,1364,183,0
4626,1364,391,0
4627,1364,217,0
4628,1364,384,0
4629,1364,6,0
4630,1364,267,0
4631,1364,365,0
4632,1364,111,0
4633,1364,1098,0
4634,1364,1154,0
4635,1364,188,0
4636,1364,501,0
4637,1364,824,0
4638,1364,509,0
4639,1364,847,0
4640,1364,304,0
4641,1364,876,0
4642,1364,389,0
4643,1364,1244,0
4644,1364,189,0
4645,1364,1267,0
4646,1364,1395,0
4647,1364,885,0
4648,1364,1130,0
4649,1364,545,0
4650,1364,1051,0
4651,1364,1250,0
4652,1364,813,0
4653,1364,276,0
4654,1364,356,0
4655,1364,678,0
4656,1364,86,0
4657,1364,44,0
4658,1364,1195,0
4659,1364,795,0
4660,1364,573,0
4661,1364,1060,0
4662,1364,122,0
4663,1364,841,0
4664,1364,500,0
4665,1364,1080,0
4666,1364,1059,0
4667,1364,1094,0
4668,1364,667,0
4669,1371,1253,0
4670,1371,156,0
4671,1371,560,0
4672,1371,1242,0
4673,1371,408,0
4674,1371,996,0
4675,1371,910,0
4676,1371,537,0
4677,1371,486,0
4678,1371,768,0
4679,1371,1238,0
4680,1371,222,0
4681,1371,673,0
4682,1371,948,0
4683,1371,64,0
4684,1371,844,0
4685,1371,404,0
4686,1371,619,0
4687,1371,55,0
4688,1371,978,0
4689,1371,1318,0
4690,1371,419,0
4691,1371,106,0
4692,1371,636,0
4693,1371,709,0
4694,1371,351,0
4695,1371,711,0
4696,1371,703,0
4697,1371,344,0
4698,1371,1144,0
4699,1371,298,0
4700,1371,1033,0
4701,1371,650,0
4702,1371,1011,0
4703,1371,17,0
4704,1371,445,0
4705,1371,363,0
4706,1371,1181,0
4707,1371,690,0
4708,1371,224,0
4709,1371,1213,0
4710,1371,852,0
4711,1371,770,0
4712,1371,1269,0
4713,1371,1312,0
4714,1371,1155,0
4715,1371,859,0
4716,1371,1089,0
4717,1371,1000,0
4718,1371,249,0
4719,1371,255,0
4720,1371,1039,0
4721,1371,413,0
4722,1371,1199,0
4723,1371,349,0
4724,1371,712,0
4725,1371,923,0
4726,1371,884,0
4727,1371,1393,0
4728,1371,508,0
4729,1371,260,0
4730,1371,474,0
4731,1371,1072,0
4732,1371,1105,0
4733,1371,823,0
4734,1371,163,0
4735,1371,1161,0
4736,1371,646,0
4737,1371,863,0
4738,1371,1162,0
4739,1371,284,0
4740,1371,1,0
4741,1371,2,0
4742,1371,1347,0
4743,1371,170,0
4744,1371,789,0
4745,1371,502,0
4746,1371,747,0
4747,1371,803,0
4748,1371,565,0
4749,1371,1179,0
4750,1371,927,0
4751,1371,651,0
4752,1371,377,0
4753,1371,52,0
4754,1371,411,0
4755,1371,758,0
4756,1371,716,0
4757,1371,189,0
4758,1371,625,0
4759,1371,1307,0
4760,1371,1259,0
4761,1371,874,0
